chinese,story_1,story_2,story_3
쥐띠,"종종걸음으로 바쁘게 오가던 발걸음, 오늘은 오솔길 옆 작은 그루터기에 앉아 잠시 숨을 돌려봐요. 늘 재빠르게 움직였던 만큼, 이번 주는 멈춰서 주변을 둘러보는 여유도 필요해요. ||| 숲 오솔길을 따라 쥐띠의 발걸음이 사부작사부작, 어느새 저 멀리까지 다다라 있어요. 이번 주는 그 재빠른 눈치가 남들보다 먼저 좋은 기회를 알아채는 시기예요. ||| 짧은 대화 속에서도 상대의 마음을 금세 헤아리는 센스가 빛나는 주예요. 요술 주머니는 잽싸게 챙긴 알뜰함이 뜻밖의 여유로 돌아와요. 다락방 작업실에서는 빠른 손놀림과 판단력이 이번 주 가장 큰 무기가 되어줘요. 화롯불 곁에서는 쉴 새 없이 움직이던 몸을 잠시 눕히고, 온전히 쉬는 시간도 허락해주세요. ||| 오솔길 낙엽 더미 아래서 조그만 쪽지 한 장을 발견했어요. “빠른 걸음도, 가끔은 멈춰야 방향을 안다.” ||| 이번 주의 이야기는 여기서 살짝 책장을 덮지만, 당신의 다음 걸음은 벌써 준비되어 있어요. 또 만나요, 쥐띠. 안녕!","작은 것 하나도 허투루 넘기지 않는 눈썰미, 오늘은 오솔길 곡식 창고 앞에 앉아 그 세심함을 스스로 인정해줘요. ||| 숲 오솔길을 따라 쥐띠의 발걸음이 곡식 낟알 하나까지 챙기듯 꼼꼼하게 이어져요. 이번 주는 그 세심함이 남들이 놓친 기회를 콕 집어내는 시기예요. ||| 작은 배려 하나가 상대의 마음에 뜻밖에 크게 남는 주예요. 요술 주머니는 잔돈까지 아낀 알뜰함이 뜻밖의 여유로 돌아와요. 다락방 작업실에서는 사소해 보이던 디테일이 전체 결과를 살리는 열쇠가 돼요. 화롯불 곁에서는 작은 것까지 챙기느라 지친 마음, 오늘은 큰 것 하나만 생각하며 편히 쉬어가세요. ||| 곡식 창고 틈새에서 작은 쪽지 한 장을 발견했어요. “작은 것을 소중히 하는 이가, 결국 큰 것을 얻는다.” ||| 이번 주의 이야기는 여기서 야무지게 책장을 덮지만, 다음 낟알도 놓치지 않을 거예요. 또 만나요, 쥐띠. 안녕!","누구보다 빠르게 상황을 파악하는 당신, 오늘은 오솔길 정보가 모이는 우체국 앞에 앉아 그 기민함을 스스로 인정해줘요. ||| 숲 오솔길을 따라 쥐띠의 발걸음이 소식을 전하듯 재빠르게 여기저기를 오가요. 이번 주는 빠른 정보력이 남들보다 한발 앞서 기회를 잡게 해주는 시기예요. ||| 눈치 빠른 배려가 상대에게 뜻밖의 감동을 주는 주예요. 요술 주머니는 발 빠르게 움직인 덕분에 좋은 조건을 놓치지 않고 잡을 수 있어요. 다락방 작업실에서는 여러 정보를 빠르게 정리하는 능력이 이번 주 큰 도움이 돼요. 화롯불 곁에서는 늘 바쁘게 움직이던 발걸음, 오늘 하루는 우체국 의자에 앉아 느긋하게 쉬어가세요. ||| 우체국 창구 아래서 작은 쪽지 한 장을 발견했어요. “빠른 것보다, 정확한 것이 먼저다.” ||| 이번 주의 이야기는 여기서 재빠르게 책장을 덮지만, 다음 소식도 놓치지 않을 거예요. 또 만나요, 쥐띠. 안녕!"
소띠,"묵묵히 짐을 지고 걸어온 길, 오늘은 오솔길 한켠 이끼 낀 바위에 걸터앉아 잠시 짐을 내려놓아 봐요. 서두르지 않는 당신의 걸음이 이미 충분히 든든했다는 걸, 오늘은 스스로에게 말해줘요. ||| 숲 오솔길을 따라 소띠의 발걸음이 흔들림 없이, 한 걸음씩 단단하게 이어지고 있어요. 이번 주는 그 꾸준함이 마침내 눈에 보이는 결실로 이어지는 시기예요. ||| 오래 지켜본 마음일수록 이번 주엔 조용히 깊어지는 걸 느낄 수 있어요. 요술 주머니는 급하게 채우려 하지 않아도, 차곡차곡 쌓인 것들이 이미 든든해요. 다락방 작업실에서는 끝까지 손 놓지 않는 성실함이 결국 가장 빛나는 결과를 만들어요. 화롯불 곁에서는 무리하게 짐을 더 지려 하지 말고, 오늘 하루는 가볍게 쉬어가도 좋아요. ||| 이끼 낀 바위틈에서 오래된 쪽지 한 장을 발견했어요. “천천히 걷는 걸음도, 결국 목적지에 닿는다.” ||| 이번 주의 이야기는 여기서 조용히 책장을 덮지만, 당신의 뿌리는 오늘도 한 뼘 더 깊어졌어요. 또 만나요, 소띠. 안녕!","느긋한 걸음으로 봄볕을 쬐며 걷는 당신, 오늘은 오솔길 한가운데 넓은 초원에 앉아 그 볕을 온전히 즐겨봐요. ||| 숲 오솔길을 따라 소띠의 발걸음이 봄볕처럼 따스하고 여유롭게 이어져요. 이번 주는 서두르지 않은 여유가 오히려 좋은 결과를 불러오는 시기예요. ||| 느긋하게 곁을 지키는 마음이 이번 주 상대에게 큰 안정감을 줘요. 요술 주머니는 급하게 쓰기보다 천천히 계획한 지출이 훨씬 만족스러워요. 다락방 작업실에서는 서두르지 않고 밟아온 순서가 결국 가장 튼튼한 결과를 만들어요. 화롯불 곁에서는 봄볕 아래 낮잠 한 번 자듯, 오늘은 아무 생각 없이 쉬어가도 좋아요. ||| 초원 한가운데 클로버 밭에서 쪽지 한 장을 발견했어요. “여유로운 걸음이, 가장 멀리 간다.” ||| 이번 주의 이야기는 여기서 나른하게 책장을 덮지만, 다음 볕도 여전히 따뜻할 거예요. 또 만나요, 소띠. 안녕!","한번 맡은 일은 끝까지 책임지는 당신, 오늘은 오솔길 오래된 방앗간 앞에 앉아 그 우직함을 스스로 인정해줘요. ||| 숲 오솔길을 따라 소띠의 발걸음이 방앗간 물레바퀴처럼 쉼 없이, 그러나 흔들림 없이 돌아가요. 이번 주는 꾸준히 돌려온 노력이 결국 알찬 결실로 맺히는 시기예요. ||| 책임감 있는 모습이 상대에게 깊은 신뢰를 심어주는 주예요. 요술 주머니는 꾸준히 모아온 것들이 이번 주 든든한 밑천이 되어줘요. 다락방 작업실에서는 끝까지 손 놓지 않는 성실함이 결국 가장 빛나는 결과를 만들어요. 화롯불 곁에서는 쉬지 않고 돌아가던 물레바퀴, 오늘 하루는 잠시 멈춰 쉬어가도 좋아요. ||| 방앗간 낡은 톱니바퀴 틈에서 오래된 쪽지 한 장을 발견했어요. “쉼 없는 걸음도, 가끔은 멈춰야 오래간다.” ||| 이번 주의 이야기는 여기서 묵직하게 책장을 덮지만, 물레바퀴는 다시 돌아갈 거예요. 또 만나요, 소띠. 안녕!"
호랑이띠,"거침없이 내달리던 발걸음, 오늘은 잠시 오솔길 넓은 바위 위에 올라앉아 숨을 골라봐요. 앞만 보고 달려온 만큼, 오늘 하루는 지나온 길을 돌아봐도 좋겠어요. ||| 숲 오솔길을 따라 호랑이띠의 발걸음이 힘차고 당당하게 울려 퍼져요. 이번 주는 그 기세가 망설이던 일에 힘찬 물꼬를 터주는 시기예요. ||| 당당하게 다가서는 태도에 마음을 여는 사람이 늘어나는 주예요. 요술 주머니는 과감한 결정이 좋은 결과로 이어질 수 있지만, 한 번쯤은 신중히 확인하는 것도 잊지 마세요. 다락방 작업실에서는 앞장서서 이끄는 리더십이 이번 주 크게 빛을 발해요. 화롯불 곁에서는 넘치는 기운을 다 쏟아내기보다, 절반쯤은 아껴두는 것도 지혜예요. ||| 굵은 나무둥치 틈에서 바랜 쪽지 한 장을 발견했어요. “용맹함은 조심스러움과 함께할 때 더 오래간다.” ||| 이번 주의 이야기는 여기서 힘차게 책장을 덮지만, 당신의 다음 발걸음은 더 크게 이어져요. 또 만나요, 호랑이띠. 안녕!","마음먹은 일은 끝까지 밀어붙이는 당신, 오늘은 오솔길 절벽 위 전망대에 서서 그 결단력을 마음껏 뽐내봐요. ||| 숲 오솔길을 따라 호랑이띠의 발걸음이 절벽 끝까지도 망설임 없이 나아가요. 이번 주는 과감한 결단이 뜻밖에 큰 길을 열어주는 시기예요. ||| 확신에 찬 태도가 상대에게 신뢰감 있게 다가가는 주예요. 요술 주머니는 큰 결단이 필요한 순간, 망설이던 것을 이번엔 밀어붙여도 좋은 결과가 따라와요. 다락방 작업실에서는 위험을 감수한 도전이 이번 주 값진 결실로 이어져요. 화롯불 곁에서는 늘 앞장서던 걸음, 오늘 하루만은 뒤에서 남이 이끄는 대로 따라가 봐도 좋아요. ||| 전망대 난간 아래서 바랜 쪽지 한 장을 발견했어요. “두려움 앞에서도 나아가는 것이 진짜 용기다.” ||| 이번 주의 이야기는 여기서 힘차게 책장을 덮지만, 다음 절벽도 두렵지 않을 거예요. 또 만나요, 호랑이띠. 안녕!","위기 앞에서 가장 먼저 나서는 당신, 오늘은 오솔길 산불 감시탑 위에 올라 그 용맹함을 스스로 인정해줘요. ||| 숲 오솔길을 따라 호랑이띠의 발걸음이 감시탑을 오르듯 힘차고 당당하게 이어져요. 이번 주는 위기 속에서 발휘된 용기가 뜻밖의 존경으로 돌아오는 시기예요. ||| 든든하게 앞장서는 모습에 사람들이 자연스레 의지하게 되는 주예요. 요술 주머니는 과감하게 나선 결정이 결국 옳았음을 확인하게 돼요. 다락방 작업실에서는 위기 상황에서 발휘된 순발력이 팀 전체를 구해내요. 화롯불 곁에서는 늘 경계를 늦추지 않던 눈, 오늘 하루는 감시탑에서 내려와 편히 쉬어가세요. ||| 감시탑 꼭대기 난간에서 바랜 쪽지 한 장을 발견했어요. “가장 용맹한 이는, 두려움을 숨기지 않는다.” ||| 이번 주의 이야기는 여기서 힘차게 책장을 덮지만, 숲은 여전히 안전해요. 또 만나요, 호랑이띠. 안녕!"
토끼띠,"조심스레 걸어온 발걸음, 오늘은 오솔길 옆 부드러운 풀밭에 앉아 마음을 편히 풀어봐요. 늘 조심스러웠던 만큼, 오늘 하루는 그 긴장을 살짝 내려놓아도 괜찮아요. ||| 숲 오솔길을 따라 토끼띠의 발걸음이 사뿐사뿐, 조용히 평화롭게 이어지고 있어요. 이번 주는 그 온화함이 주변 사람들에게 편안한 쉼이 되어주는 시기예요. ||| 다투기보다 다독이는 마음이 이번 주 관계를 부드럽게 이어줘요. 요술 주머니는 신중하게 살피는 습관 덕분에 큰 손해 없이 무사히 지나갈 수 있어요. 다락방 작업실에서는 섬세한 배려가 담긴 결과물이 조용히 인정받는 주예요. 화롯불 곁에서는 걱정을 너무 오래 품지 말고, 포근한 이불 속에서 푹 쉬는 시간을 챙겨주세요. ||| 풀밭 사이 토끼풀 더미 아래서 작은 쪽지 한 장을 발견했어요. “부드러움이 결국 가장 단단한 것을 이긴다.” ||| 이번 주의 이야기는 여기서 포근히 책장을 덮지만, 당신의 평온함은 다음 페이지에도 이어져요. 또 만나요, 토끼띠. 안녕!","다투기보다 화해를 먼저 청하는 당신, 오늘은 오솔길 작은 다리 위에 서서 그 다정함을 스스로 다독여봐요. ||| 숲 오솔길을 따라 토끼띠의 발걸음이 작은 다리를 건너듯 사뿐하고 조심스레 이어져요. 이번 주는 서먹했던 사이가 자연스레 풀리는 화해의 시기예요. ||| 먼저 건넨 다정한 말 한마디가 오래된 오해를 풀어주는 주예요. 요술 주머니는 다투기보다 양보한 만큼 마음의 평화로 돌아와요. 다락방 작업실에서는 부드러운 태도로 조율한 일이 모두에게 좋은 결과로 이어져요. 화롯불 곁에서는 남을 다독이느라 지친 마음, 오늘은 당신 스스로를 다독여주세요. ||| 다리 난간 아래 흐르는 물가에서 작은 쪽지 한 장을 발견했어요. “먼저 내민 손이, 가장 따뜻한 화해다.” ||| 이번 주의 이야기는 여기서 사뿐히 책장을 덮지만, 다리 너머엔 더 평화로운 길이 있어요. 또 만나요, 토끼띠. 안녕!","위험을 미리 알아채고 조심스레 준비하는 당신, 오늘은 오솔길 굴 입구에 앉아 그 신중함을 스스로 인정해줘요. ||| 숲 오솔길을 따라 토끼띠의 발걸음이 굴속으로 조심스레, 그러나 안전하게 이어져요. 이번 주는 미리 준비해둔 것들이 뜻밖의 상황에서 큰 도움이 되는 시기예요. ||| 세심하게 살펴주는 마음이 상대에게 큰 안정감을 주는 주예요. 요술 주머니는 미리 대비해둔 여유 자금이 이번 주 든든한 버팀목이 돼요. 다락방 작업실에서는 꼼꼼히 점검한 덕분에 큰 실수 없이 무사히 마무리돼요. 화롯불 곁에서는 늘 조심스러웠던 마음, 오늘 하루는 걱정을 내려놓고 편히 쉬어가세요. ||| 굴 안쪽 마른 풀더미에서 작은 쪽지 한 장을 발견했어요. “조심스러운 걸음이, 가장 안전한 길을 만든다.” ||| 이번 주의 이야기는 여기서 포근히 책장을 덮지만, 굴은 언제나 안전해요. 또 만나요, 토끼띠. 안녕!"
용띠,"품고 있던 큰 꿈, 오늘은 오솔길 높은 언덕에 올라 잠시 그 꿈을 마음껏 펼쳐봐도 좋아요. 남들보다 큰 그림을 그려온 당신, 오늘만큼은 그 크기를 의심하지 않아도 괜찮아요. ||| 숲 오솔길을 따라 용띠의 발걸음이 위풍당당하게, 저 멀리까지 울려 퍼져요. 이번 주는 그 기세가 오랫동안 기다려온 기회를 성큼 데려다주는 시기예요. ||| 자신감 있는 태도에 사람들의 시선이 자연스레 모이는 주예요. 요술 주머니는 통 크게 베푼 마음이 예상보다 더 큰 신뢰로 돌아와요. 다락방 작업실에서는 큰 그림을 그리는 포부가 이번 주 강력한 추진력이 되어줘요. 화롯불 곁에서는 위엄을 지키려 애쓰기보다, 가끔은 편하게 기대어 쉬는 것도 필요해요. ||| 언덕 위 커다란 바위 틈에서 오래된 쪽지 한 장을 발견했어요. “진짜 큰 존재는, 작은 것 앞에서도 몸을 낮출 줄 안다.” ||| 이번 주의 이야기는 여기서 당당히 책장을 덮지만, 당신의 비상은 다음 페이지에서도 계속돼요. 또 만나요, 용띠. 안녕!","남들이 망설이는 곳에서 먼저 날개를 펴는 당신, 오늘은 오솔길 높은 폭포 앞에 서서 그 웅장함을 마음껏 느껴봐요. ||| 숲 오솔길을 따라 용띠의 발걸음이 폭포처럼 거침없이, 시원하게 쏟아져 내려요. 이번 주는 크게 벌인 일이 시원한 성과로 이어지는 시기예요. ||| 시원시원한 태도에 사람들의 마음이 자연스레 열리는 주예요. 요술 주머니는 통 크게 투자한 것이 폭포처럼 풍성한 결실로 돌아와요. 다락방 작업실에서는 큰 그림을 그리는 대담함이 이번 주 강력한 추진력이 돼요. 화롯불 곁에서는 폭포처럼 힘차게 쏟아지던 에너지, 오늘은 잔잔한 물웅덩이처럼 고요히 쉬어가세요. ||| 폭포 아래 물보라 속에서 젖은 쪽지 한 장을 발견했어요. “거침없이 흐르는 물이, 결국 바다에 닿는다.” ||| 이번 주의 이야기는 여기서 시원하게 책장을 덮지만, 다음 폭포는 더 웅장할 거예요. 또 만나요, 용띠. 안녕!","어디서든 자연스럽게 중심에 서는 당신, 오늘은 오솔길 산꼭대기 전망대에 서서 그 존재감을 마음껏 느껴봐요. ||| 숲 오솔길을 따라 용띠의 발걸음이 산등성이를 오르듯 당당하고 시원하게 이어져요. 이번 주는 자연스러운 카리스마가 사람들의 마음을 크게 움직이는 시기예요. ||| 자신감 있는 태도에 사람들의 시선이 자연스레 모이는 주예요. 요술 주머니는 대담한 결정이 이번 주 예상보다 큰 성과로 돌아와요. 다락방 작업실에서는 큰 그림을 그리는 포부가 팀 전체에 활력을 불어넣어요. 화롯불 곁에서는 늘 정상에 서 있던 자리, 오늘 하루는 산 아래 편안한 자리에서 쉬어가세요. ||| 전망대 꼭대기 깃대 아래서 오래된 쪽지 한 장을 발견했어요. “가장 높은 곳에서도, 발밑을 살필 줄 알아야 한다.” ||| 이번 주의 이야기는 여기서 당당히 책장을 덮지만, 정상의 풍경은 계속 이어져요. 또 만나요, 용띠. 안녕!"
뱀띠,"조용히 살펴온 마음, 오늘은 오솔길 그늘진 자리에 앉아 그 깊은 생각을 잠시 꺼내봐도 좋아요. 겉으로 드러내지 않았을 뿐, 당신의 통찰은 늘 옳았다는 걸 오늘은 스스로 인정해줘요. ||| 숲 오솔길을 따라 뱀띠의 발걸음이 소리 없이, 정확하게 다음 자리를 찾아가고 있어요. 이번 주는 그 침착함이 남들이 놓친 진실을 조용히 짚어내는 시기예요. ||| 말을 아끼는 만큼 깊어지는 마음이 이번 주 관계를 더 특별하게 만들어요. 요술 주머니는 서두르지 않고 지켜본 안목이 좋은 선택으로 이어져요. 다락방 작업실에서는 차분한 분석력이 복잡했던 문제를 깔끔히 풀어줘요. 화롯불 곁에서는 마음속 생각을 너무 오래 혼자 품지 말고, 잠시라도 소리 내어 꺼내보세요. ||| 그늘진 돌 틈 사이에서 낡은 쪽지 한 장을 발견했어요. “조용한 지혜가, 가장 멀리까지 간다.” ||| 이번 주의 이야기는 여기서 고요히 책장을 덮지만, 당신의 통찰은 다음 페이지에도 이어져요. 또 만나요, 뱀띠. 안녕!","말수는 적어도 눈빛으로 모든 걸 전하는 당신, 오늘은 오솔길 고요한 연못가에 앉아 그 침묵의 무게를 느껴봐요. ||| 숲 오솔길을 따라 뱀띠의 발걸음이 연못 위 물결처럼 소리 없이 퍼져나가요. 이번 주는 말보다 행동으로 보여준 것들이 조용히 인정받는 시기예요. ||| 눈빛만으로 통하는 사람과의 시간이 이번 주 유독 특별하게 느껴져요. 요술 주머니는 조용히 지켜본 끝에 내린 결정이 안전하고 확실한 결과로 이어져요. 다락방 작업실에서는 말없이 해낸 일이 오히려 더 크게 인정받는 주예요. 화롯불 곁에서는 마음속 말을 너무 오래 삭이지 말고, 연못에 돌 던지듯 가끔은 털어놓아 보세요. ||| 연못가 수련 잎 아래서 낡은 쪽지 한 장을 발견했어요. “고요한 물이, 가장 깊은 것을 품고 있다.” ||| 이번 주의 이야기는 여기서 고요히 책장을 덮지만, 그 물결은 멀리까지 퍼져요. 또 만나요, 뱀띠. 안녕!","겉으로 드러내지 않아도 모든 걸 꿰뚫어 보는 당신, 오늘은 오솔길 오래된 서고 한켠에 앉아 그 통찰을 스스로 인정해줘요. ||| 숲 오솔길을 따라 뱀띠의 발걸음이 서고의 서가 사이를 조용히, 정확하게 오가요. 이번 주는 남들이 놓친 진실을 조용히 짚어내는 시기예요. ||| 말을 아끼는 만큼 깊어지는 마음이 이번 주 관계를 더 특별하게 만들어요. 요술 주머니는 서두르지 않고 지켜본 안목이 좋은 선택으로 이어져요. 다락방 작업실에서는 차분한 분석력이 복잡했던 문제를 명쾌하게 풀어줘요. 화롯불 곁에서는 홀로 서고에 파묻혀 있던 시간, 오늘은 밖으로 나와 볕을 쬐어보세요. ||| 서고 깊숙한 책장 뒤에서 낡은 쪽지 한 장을 발견했어요. “조용한 지혜가, 가장 널리 퍼진다.” ||| 이번 주의 이야기는 여기서 고요히 책장을 덮지만, 그 통찰은 다음 페이지에도 이어져요. 또 만나요, 뱀띠. 안녕!"
말띠,"쉼 없이 달려온 발걸음, 오늘은 오솔길 넓은 들판 한가운데 서서 잠시 바람을 느껴봐요. 자유롭게 달리는 것만큼, 가끔은 멈춰 서서 풍경을 즐기는 것도 좋은 법이에요. ||| 숲 오솔길을 따라 말띠의 발걸음이 시원하게, 거침없이 뻗어나가고 있어요. 이번 주는 그 활기가 새로운 사람과 기회를 성큼 데려다주는 시기예요. ||| 밝은 에너지에 이끌려 다가오는 사람이 많아지는 주예요. 요술 주머니는 활발히 움직이는 만큼 씀씀이도 커지기 쉬우니, 잠시 고삐를 당겨보는 것도 좋아요. 다락방 작업실에서는 뜨거운 열정이 정체됐던 일에 새로운 속도를 붙여줘요. 화롯불 곁에서는 쉬지 않고 달리기보다, 하루쯤은 마구간에서 편히 쉬어가도 좋겠어요. ||| 들판 표지목 아래서 바람에 팔랑이는 쪽지 한 장을 발견했어요. “달리는 것도 좋지만, 쉬는 것도 걸음의 일부다.” ||| 이번 주의 이야기는 여기서 시원하게 책장을 덮지만, 당신의 다음 질주는 벌써 준비됐어요. 또 만나요, 말띠. 안녕!","정해진 길보다 새로운 초원을 향해 달리는 당신, 오늘은 오솔길 끝없이 펼쳐진 벌판에 서서 그 광활함을 만끽해봐요. ||| 숲 오솔길을 따라 말띠의 발걸음이 벌판을 가로지르듯 거침없이 뻗어나가요. 이번 주는 익숙한 길을 벗어난 시도가 뜻밖의 큰 활력을 가져다주는 시기예요. ||| 자유로운 매력에 이끌린 새로운 인연이 이번 주 찾아올 수 있어요. 요술 주머니는 활동적으로 움직인 만큼 새로운 기회의 문이 열려요. 다락방 작업실에서는 새로운 영역에 대한 도전이 뜻밖의 좋은 결과로 이어져요. 화롯불 곁에서는 끝없이 달리고 싶은 마음, 오늘 하루쯤은 벌판 한가운데 누워 하늘만 바라봐도 좋아요. ||| 벌판 한가운데 외로운 나무 아래서 쪽지 한 장을 발견했어요. “새로운 초원은, 용기 낸 자에게만 보인다.” ||| 이번 주의 이야기는 여기서 시원하게 책장을 덮지만, 다음 벌판은 더 넓을 거예요. 또 만나요, 말띠. 안녕!","발걸음을 멈추지 않고 계속 나아가는 당신, 오늘은 오솔길 끝없이 이어진 마차길에 서서 그 활기를 만끽해봐요. ||| 숲 오솔길을 따라 말띠의 발걸음이 마차길을 달리듯 경쾌하고 힘차게 이어져요. 이번 주는 멈추지 않는 활력이 새로운 기회를 계속 데려다주는 시기예요. ||| 밝은 에너지에 이끌려 다가오는 사람들이 이번 주 유독 많아져요. 요술 주머니는 활발하게 움직인 만큼 새로운 수입의 길이 열려요. 다락방 작업실에서는 뜨거운 열정이 정체됐던 프로젝트에 다시 속도를 붙여줘요. 화롯불 곁에서는 마차길을 달리던 다리, 오늘 하루는 마구간에서 편히 쉬어가세요. ||| 마차길 이정표 아래서 바람에 팔랑이는 쪽지 한 장을 발견했어요. “멈추지 않는 걸음도, 쉼표가 필요하다.” ||| 이번 주의 이야기는 여기서 힘차게 책장을 덮지만, 다음 길은 벌써 열려있어요. 또 만나요, 말띠. 안녕!"
양띠,"여린 마음으로 이것저것 마음 써온 하루하루, 오늘은 오솔길 부드러운 풀숲에 앉아 그 마음을 가만히 쓰다듬어봐요. 배려하느라 지쳤다면, 오늘은 당신 차례예요. ||| 숲 오솔길을 따라 양띠의 발걸음이 조용하고 부드럽게, 향기로운 풀내음을 남기며 이어져요. 이번 주는 그 다정함이 주변 사람들의 마음을 포근하게 감싸주는 시기예요. ||| 다정한 배려가 이번 주 관계를 한층 따뜻하게 데워줘요. 요술 주머니는 남을 먼저 챙기느라 자신을 잊지 않도록, 작은 선물 하나쯤은 스스로에게도 건네보세요. 다락방 작업실에서는 섬세한 감성이 담긴 아이디어가 잔잔한 감동을 만들어내요. 화롯불 곁에서는 걱정이 앞서더라도, 오늘만큼은 포근한 담요를 덮고 마음 편히 쉬어가요. ||| 풀숲 사이 하얀 꽃잎 아래서 여린 쪽지 한 장을 발견했어요. “부드러운 마음이, 가장 오래 기억된다.” ||| 이번 주의 이야기는 여기서 포근히 책장을 덮지만, 당신의 다정함은 다음 페이지에도 이어져요. 또 만나요, 양띠. 안녕!","함께 있는 것만으로 주변을 편안하게 만드는 당신, 오늘은 오솔길 양지바른 언덕에 앉아 그 다정함을 스스로에게도 나눠줘요. ||| 숲 오솔길을 따라 양띠의 발걸음이 양지바른 언덕처럼 포근하고 온화하게 이어져요. 이번 주는 그 온화함이 지친 사람들에게 큰 위로가 되어주는 시기예요. ||| 다정하게 챙겨준 마음이 이번 주 뜻밖의 큰 고마움으로 돌아와요. 요술 주머니는 다른 이를 위해 쓴 돈이 결국 당신의 마음을 더 풍요롭게 채워줘요. 다락방 작업실에서는 부드러운 협업 태도가 팀 전체의 분위기를 좋게 만들어요. 화롯불 곁에서는 남을 위로하느라 정작 자신을 못 챙겼다면, 오늘은 당신 차례예요. ||| 언덕 위 하얀 구름 그림자 아래서 여린 쪽지 한 장을 발견했어요. “다정함을 나누는 이가, 가장 큰 위로를 받는다.” ||| 이번 주의 이야기는 여기서 포근히 책장을 덮지만, 그 온기는 계속 이어져요. 또 만나요, 양띠. 안녕!","예술적인 감각으로 주변을 아름답게 물들이는 당신, 오늘은 오솔길 작은 공방 앞에 앉아 그 감성을 마음껏 펼쳐봐요. ||| 숲 오솔길을 따라 양띠의 발걸음이 공방의 실타래처럼 섬세하고 부드럽게 이어져요. 이번 주는 그 감성이 뜻밖의 아름다운 결과물로 완성되는 시기예요. ||| 섬세한 감성이 담긴 선물 하나가 관계를 한층 특별하게 만들어주는 주예요. 요술 주머니는 좋아하는 것에 정성껏 쓴 돈이 마음의 풍요로 돌아와요. 다락방 작업실에서는 감성이 담긴 작업물이 사람들의 마음에 잔잔한 감동을 남겨요. 화롯불 곁에서는 다른 이의 감정까지 다 짊어지지 말고, 오늘은 당신의 공방에서 온전히 쉬어가세요. ||| 공방 실타래 뭉치 틈에서 여린 쪽지 한 장을 발견했어요. “섬세한 손길이, 가장 오래 기억되는 것을 만든다.” ||| 이번 주의 이야기는 여기서 포근히 책장을 덮지만, 그 감성은 계속 이어져요. 또 만나요, 양띠. 안녕!"
원숭이띠,"이 나무 저 나무 옮겨 다니듯 바빴던 하루, 오늘은 오솔길 커다란 나무 그늘에 앉아 잠시 숨을 골라봐요. 재치 있게 넘겨온 순간들, 오늘은 그저 웃으며 돌아봐도 좋아요. ||| 숲 오솔길을 따라 원숭이띠의 발걸음이 폴짝폴짝, 경쾌하게 이어지고 있어요. 이번 주는 그 재치가 막혔던 상황을 뜻밖의 방법으로 풀어주는 시기예요. ||| 재미있는 이야기 한마디가 서먹했던 사이를 금세 웃음으로 바꿔놔요. 요술 주머니는 영리한 판단으로 뜻밖의 기회를 잡아낼 수 있는 주예요. 다락방 작업실에서는 유연한 발상이 막막했던 일에 새로운 길을 열어줘요. 화롯불 곁에서는 이곳저곳 재주를 부리느라 지친 몸, 오늘 하루는 나무 위에 가만히 앉아 쉬어가도 좋아요. ||| 나무 구멍 속에서 꼬깃꼬깃한 쪽지 한 장을 발견했어요. “영리함은 때로, 가만히 멈추는 데서 완성된다.” ||| 이번 주의 이야기는 여기서 경쾌하게 책장을 덮지만, 당신의 재치는 다음 페이지에서도 반짝여요. 또 만나요, 원숭이띠. 안녕!","어떤 상황에서도 재치 있게 빠져나오는 당신, 오늘은 오솔길 곡예사의 줄타기 무대 앞에 앉아 그 영리함에 박수를 보내봐요. ||| 숲 오솔길을 따라 원숭이띠의 발걸음이 줄타기처럼 아슬아슬하면서도 능숙하게 이어져요. 이번 주는 순발력 있는 대처가 뜻밖의 큰 위기를 기회로 바꾸는 시기예요. ||| 재치 있는 순간 대처가 상대에게 깊은 인상을 남기는 주예요. 요술 주머니는 영리한 판단으로 예상치 못한 손실을 피해갈 수 있어요. 다락방 작업실에서는 여러 변수를 동시에 다루는 능력이 이번 주 크게 빛을 발해요. 화롯불 곁에서는 늘 균형을 잡느라 긴장했던 몸, 오늘은 줄에서 내려와 편히 쉬어가세요. ||| 곡예사 무대 아래 소품함에서 꼬깃한 쪽지 한 장을 발견했어요. “균형을 잡는 재주는, 넘어져 본 자만이 안다.” ||| 이번 주의 이야기는 여기서 경쾌하게 책장을 덮지만, 다음 줄타기도 능숙하게 해낼 거예요. 또 만나요, 원숭이띠. 안녕!","여러 가지를 동시에 다루면서도 능숙한 당신, 오늘은 오솔길 저글링 공연장 앞에 앉아 그 재주에 스스로 박수를 보내봐요. ||| 숲 오솔길을 따라 원숭이띠의 발걸음이 저글링 공처럼 리드미컬하고 경쾌하게 이어져요. 이번 주는 여러 일을 동시에 다루는 재주가 예상 밖의 좋은 결과를 만들어내는 시기예요. ||| 재미있는 순발력이 서먹했던 분위기를 금세 풀어주는 주예요. 요술 주머니는 영리한 판단으로 여러 기회 중 가장 좋은 것을 골라낼 수 있어요. 다락방 작업실에서는 유연한 발상이 막막했던 일에 새로운 길을 열어줘요. 화롯불 곁에서는 여러 개의 공을 동시에 돌리던 손, 오늘 하루는 공을 다 내려놓고 쉬어가세요. ||| 공연장 소품 상자에서 꼬깃한 쪽지 한 장을 발견했어요. “여러 개를 돌리는 재주도, 하나씩 내려놓을 때가 있다.” ||| 이번 주의 이야기는 여기서 경쾌하게 책장을 덮지만, 다음 공연도 능숙하게 해낼 거예요. 또 만나요, 원숭이띠. 안녕!"
닭띠,"새벽부터 부지런히 움직여온 하루, 오늘은 오솔길 나뭇가지 위에 잠시 앉아 마을을 내려다봐요. 늘 성실하게 준비해온 당신, 오늘만큼은 그 결과를 편히 기다려도 좋아요. ||| 숲 오솔길을 따라 닭띠의 발걸음이 또박또박, 정갈하게 이어지고 있어요. 이번 주는 그 꼼꼼함이 그동안 준비해온 일에 좋은 소식을 가져다주는 시기예요. ||| 성실한 태도가 이번 주 사람들에게 조용한 신뢰로 가닿아요. 요술 주머니는 꼼꼼히 살펴온 습관 덕분에 손해 없이 알차게 채워지는 주예요. 다락방 작업실에서는 세심하게 준비한 것들이 마침내 인정받는 순간을 맞이해요. 화롯불 곁에서는 완벽하게 해내야 한다는 마음을 잠시 내려놓고, 편안히 몸을 데워보세요. ||| 나뭇가지 틈 둥지 옆에서 작은 쪽지 한 장을 발견했어요. “꾸준한 새벽이, 결국 가장 밝은 아침을 연다.” ||| 이번 주의 이야기는 여기서 산뜻하게 책장을 덮지만, 당신의 성실함은 다음 페이지에도 이어져요. 또 만나요, 닭띠. 안녕!","약속한 시간은 반드시 지키는 당신, 오늘은 오솔길 오래된 해시계 앞에 앉아 그 성실함을 스스로 칭찬해줘요. ||| 숲 오솔길을 따라 닭띠의 발걸음이 해시계 그림자처럼 정확하고 한 치의 어긋남 없이 이어져요. 이번 주는 정확하게 지켜온 약속들이 좋은 평판으로 돌아오는 시기예요. ||| 시간 약속을 소중히 여기는 태도가 상대에게 깊은 신뢰를 남기는 주예요. 요술 주머니는 계획적으로 관리한 살림이 흔들림 없이 안정적으로 유지돼요. 다락방 작업실에서는 정확한 일 처리가 이번 주 특히 높은 평가를 받아요. 화롯불 곁에서는 시계처럼 정확하게만 살지 말고, 오늘 하루쯤은 시간을 잊고 편히 쉬어가세요. ||| 해시계 그림자 아래서 작은 쪽지 한 장을 발견했어요. “정확함은 신뢰의 또 다른 이름이다.” ||| 이번 주의 이야기는 여기서 정갈하게 책장을 덮지만, 다음 약속도 어김없이 지켜질 거예요. 또 만나요, 닭띠. 안녕!","누구보다 부지런히 하루를 채우는 당신, 오늘은 오솔길 이른 아침 논밭 옆에 앉아 그 성실함을 스스로 칭찬해줘요. ||| 숲 오솔길을 따라 닭띠의 발걸음이 논밭 이랑처럼 가지런하고 부지런하게 이어져요. 이번 주는 부지런히 가꿔온 것들이 마침내 알찬 수확으로 이어지는 시기예요. ||| 성실한 태도가 이번 주 사람들에게 조용한 신뢰로 가닿아요. 요술 주머니는 꼼꼼히 관리해온 살림이 흔들림 없이 알차게 채워지는 주예요. 다락방 작업실에서는 세심하게 준비한 것들이 마침내 인정받는 순간을 맞이해요. 화롯불 곁에서는 완벽하게 해내야 한다는 마음을 잠시 내려놓고, 논밭 이랑처럼 편안히 쉬어가세요. ||| 논밭 이랑 사이 허수아비 아래서 작은 쪽지 한 장을 발견했어요. “부지런한 걸음이, 결실을 앞당긴다.” ||| 이번 주의 이야기는 여기서 산뜻하게 책장을 덮지만, 다음 수확도 알찰 거예요. 또 만나요, 닭띠. 안녕!"
개띠,"누군가를 위해 오래 지켜온 자리, 오늘은 오솔길 익숙한 나무 아래 앉아 잠시 그 자리를 스스로에게도 내어줘요. 한결같았던 마음, 오늘은 당신 스스로가 알아줘도 좋아요. ||| 숲 오솔길을 따라 개띠의 발걸음이 흔들림 없이, 믿음직하게 이어지고 있어요. 이번 주는 그 한결같음이 주변 사람들에게 든든한 버팀목이 되어주는 시기예요. ||| 진심 어린 신뢰가 이번 주 관계를 더욱 굳건하게 만들어줘요. 요술 주머니는 정직하게 지켜온 원칙 덕분에 흔들림 없이 안정적으로 지나가요. 다락방 작업실에서는 책임감 있는 태도가 동료들의 든든한 의지처가 되어줘요. 화롯불 곁에서는 누군가를 지키느라 정작 자신을 못 챙겼다면, 오늘은 스스로를 먼저 살펴주세요. ||| 나무 아래 묻혀 있던 낡은 쪽지 한 장을 발견했어요. “한결같음은 화려하지 않아도, 가장 오래 빛난다.” ||| 이번 주의 이야기는 여기서 든든하게 책장을 덮지만, 당신의 자리는 변함없이 다음 페이지에도 있어요. 또 만나요, 개띠. 안녕!","누구보다 먼저 위험을 알아채고 지켜주는 당신, 오늘은 오솔길 마을 입구 파수꾼 자리에 앉아 그 헌신을 스스로 알아줘요. ||| 숲 오솔길을 따라 개띠의 발걸음이 마을을 지키듯 든든하고 믿음직하게 이어져요. 이번 주는 그 헌신적인 태도가 주변으로부터 깊은 존경을 받는 시기예요. ||| 위기의 순간 먼저 나서준 마음이 관계를 더욱 깊게 만들어주는 주예요. 요술 주머니는 정직하게 지켜온 원칙이 결국 가장 안전한 선택이었음을 확인하게 돼요. 다락방 작업실에서는 책임을 다하는 태도가 동료들에게 든든한 신뢰를 심어줘요. 화롯불 곁에서는 늘 파수를 서던 자리, 오늘은 잠시 자리를 비우고 편히 쉬어도 괜찮아요. ||| 마을 입구 오래된 종 아래서 낡은 쪽지 한 장을 발견했어요. “지키는 자의 헌신은, 소리 없이도 전해진다.” ||| 이번 주의 이야기는 여기서 든든하게 책장을 덮지만, 마을은 여전히 안전해요. 또 만나요, 개띠. 안녕!","약속을 목숨처럼 여기는 당신, 오늘은 오솔길 오래된 이정표 앞에 앉아 그 신의를 스스로 인정해줘요. ||| 숲 오솔길을 따라 개띠의 발걸음이 이정표를 따르듯 한 치의 어긋남 없이 곧게 이어져요. 이번 주는 지켜온 약속들이 사람들의 깊은 신뢰로 돌아오는 시기예요. ||| 한결같은 마음이 이번 주 관계를 더욱 굳건하게 만들어줘요. 요술 주머니는 정직하게 지켜온 원칙 덕분에 흔들림 없이 안정적으로 지나가요. 다락방 작업실에서는 책임감 있는 태도가 동료들의 든든한 의지처가 되어줘요. 화롯불 곁에서는 늘 이정표처럼 곧게 서 있던 자리, 오늘 하루는 살짝 기대어 쉬어도 괜찮아요. ||| 이정표 뒤편 이끼 낀 자리에서 낡은 쪽지 한 장을 발견했어요. “곧은 걸음이, 가장 믿음직한 길잡이다.” ||| 이번 주의 이야기는 여기서 든든하게 책장을 덮지만, 이정표는 여전히 그 자리에 있어요. 또 만나요, 개띠. 안녕!"
돼지띠,"넉넉한 마음으로 베풀어온 하루하루, 오늘은 오솔길 양지바른 자리에 앉아 그 마음을 스스로에게도 나눠줘요. 늘 너그러웠던 당신, 오늘만큼은 편히 웃어도 좋아요. ||| 숲 오솔길을 따라 돼지띠의 발걸음이 느긋하고 편안하게, 포근한 볕을 받으며 이어지고 있어요. 이번 주는 그 여유가 뜻밖의 좋은 복으로 돌아오는 시기예요. ||| 너그러운 마음씨에 사람들이 자연스레 곁으로 모여드는 주예요. 요술 주머니는 베푼 만큼 예상 밖의 곳에서 다시 채워지는 즐거운 흐름이 있어요. 다락방 작업실에서는 느긋한 여유가 오히려 좋은 결과를 만들어내는 비결이 돼요. 화롯불 곁에서는 마음껏 배불리 먹고, 편안히 늘어져 쉬는 것도 이번 주엔 허락해주세요. ||| 양지바른 자리 낙엽 밑에서 따뜻한 쪽지 한 장을 발견했어요. “넉넉한 마음이 결국, 가장 큰 복을 불러온다.” ||| 이번 주의 이야기는 여기서 푸근하게 책장을 덮지만, 당신의 복은 다음 페이지에도 이어져요. 또 만나요, 돼지띠. 안녕!","누구에게나 넉넉한 웃음을 나눠주는 당신, 오늘은 오솔길 풍성한 과수원 그늘에 앉아 그 넉넉함을 마음껏 누려봐요. ||| 숲 오솔길을 따라 돼지띠의 발걸음이 잘 익은 과일처럼 달콤하고 풍성하게 이어져요. 이번 주는 그 넉넉한 마음이 예상 밖의 좋은 복으로 돌아오는 시기예요. ||| 넉넉하게 베푼 마음이 관계를 한층 풍요롭게 만들어주는 주예요. 요술 주머니는 아낌없이 나눈 만큼 뜻밖의 곳에서 다시 채워지는 즐거운 흐름이 있어요. 다락방 작업실에서는 여유로운 태도가 오히려 좋은 결과를 만들어내는 비결이 돼요. 화롯불 곁에서는 과수원의 열매처럼, 오늘은 마음껏 누리고 편히 쉬어가세요. ||| 과수원 나무 그늘 아래서 달콤한 향이 나는 쪽지 한 장을 발견했어요. “나눌수록 커지는 것이, 진짜 풍요다.” ||| 이번 주의 이야기는 여기서 달콤하게 책장을 덮지만, 그 풍요는 계속 이어져요. 또 만나요, 돼지띠. 안녕!","걱정 없이 오늘을 즐길 줄 아는 당신, 오늘은 오솔길 따뜻한 햇살 아래 담요를 깔고 앉아 그 여유를 마음껏 누려봐요. ||| 숲 오솔길을 따라 돼지띠의 발걸음이 햇살처럼 느긋하고 걱정 없이 이어져요. 이번 주는 그 낙천적인 마음가짐이 뜻밖의 행운을 끌어당기는 시기예요. ||| 걱정 없는 웃음이 주변 사람들의 마음까지 편안하게 만들어주는 주예요. 요술 주머니는 여유로운 마음가짐 덕분에 예상치 못한 곳에서 뜻밖의 여유가 채워져요. 다락방 작업실에서는 느긋한 태도가 오히려 좋은 결과를 만들어내는 비결이 돼요. 화롯불 곁에서는 오늘만큼은 아무 걱정 없이, 배부르게 먹고 편히 누워 쉬어가세요. ||| 담요 위 볕 잘 드는 자리에서 따뜻한 쪽지 한 장을 발견했어요. “걱정 없는 마음이, 가장 큰 복을 불러온다.” ||| 이번 주의 이야기는 여기서 나른하게 책장을 덮지만, 그 여유는 계속 이어져요. 또 만나요, 돼지띠. 안녕!"
