id,keyword
1,말띠 월간 운세
2,소띠 주간 운세
3,처녀자리 월간 운세
4,게자리 오늘 운세
5,천칭자리 오늘 운세
6,용띠 띠 운세
7,용띠 오늘의 운세
8,양띠 오늘의 운세
9,호랑이띠 오늘 운세
10,게자리 오늘의 운세
11,양자리 월간 운세
12,말띠 띠 운세
13,양자리 오늘의 운세
14,쥐띠 띠 운세
15,쌍둥이자리 주간 운세
16,개띠 주간 운세
17,물병자리 오늘 운세
18,호랑이띠 주간 운세
19,천칭자리 월간 운세
20,뱀띠 월간 운세
21,닭띠 오늘 운세
22,토끼띠 오늘 운세
23,처녀자리 별자리 운세
24,호랑이띠 오늘의 운세
25,게자리 주간 운세
26,물고기자리 월간 운세
27,쥐띠 오늘의 운세
28,천칭자리 별자리 운세
29,전갈자리 별자리 운세
30,물고기자리 오늘의 운세
31,쌍둥이자리 월간 운세
32,양자리 별자리 운세
33,호랑이띠 월간 운세
34,전갈자리 오늘의 운세
35,사수자리 월간 운세
36,사자자리 주간 운세
37,토끼띠 띠 운세
38,쌍둥이자리 오늘 운세
39,사자자리 오늘의 운세
40,염소자리 오늘의 운세
41,전갈자리 오늘 운세
42,소띠 띠 운세
43,천칭자리 주간 운세
44,처녀자리 오늘 운세
45,황소자리 주간 운세
46,소띠 월간 운세
47,용띠 오늘 운세
48,처녀자리 오늘의 운세
49,말띠 오늘 운세
50,뱀띠 오늘의 운세
51,원숭이띠 오늘의 운세
52,사자자리 월간 운세
53,염소자리 별자리 운세
54,사자자리 오늘 운세
55,쥐띠 주간 운세
56,물병자리 오늘의 운세
57,황소자리 오늘의 운세
58,닭띠 오늘의 운세
59,개띠 오늘 운세
60,쥐띠 오늘 운세
61,토끼띠 주간 운세
62,물고기자리 주간 운세
63,사수자리 주간 운세
64,쌍둥이자리 별자리 운세
65,염소자리 월간 운세
66,염소자리 오늘 운세
67,황소자리 월간 운세
68,쌍둥이자리 오늘의 운세
69,토끼띠 월간 운세
70,사수자리 오늘의 운세
71,용띠 주간 운세
72,쥐띠 월간 운세
73,물고기자리 오늘 운세
74,사수자리 오늘 운세
75,전갈자리 월간 운세
76,소띠 오늘의 운세
77,전갈자리 주간 운세
78,개띠 월간 운세
79,원숭이띠 주간 운세
80,닭띠 월간 운세
81,황소자리 별자리 운세
82,닭띠 띠 운세
83,뱀띠 오늘 운세
84,양띠 월간 운세
85,뱀띠 띠 운세
86,게자리 별자리 운세
87,원숭이띠 오늘 운세
88,돼지띠 오늘 운세
89,물고기자리 별자리 운세
90,돼지띠 주간 운세
91,토끼띠 오늘의 운세
92,돼지띠 오늘의 운세
93,개띠 오늘의 운세
94,천칭자리 오늘의 운세
95,황소자리 오늘 운세
96,원숭이띠 띠 운세
97,말띠 주간 운세
98,게자리 월간 운세
99,처녀자리 주간 운세
100,용띠 월간 운세
101,사자자리 별자리 운세
102,소띠 오늘 운세
103,돼지띠 월간 운세
104,양자리 주간 운세
105,양띠 오늘 운세
106,호랑이띠 띠 운세
107,원숭이띠 월간 운세
108,돼지띠 띠 운세
109,뱀띠 주간 운세
110,닭띠 주간 운세
111,개띠 띠 운세
112,물병자리 월간 운세
113,양띠 띠 운세
114,사수자리 별자리 운세
115,양띠 주간 운세
116,말띠 오늘의 운세
117,염소자리 주간 운세
118,물병자리 주간 운세
119,물병자리 별자리 운세
120,양자리 오늘 운세
