zodiac,chinese,story
양자리,말띠,"부엉이 마을 언덕에서 양자리와 말띠가 동시에 뛰어올랐어요. 둘 다 가만히 있는 걸 세상에서 제일 힘들어하는 성격이라, 만나자마자 누가 먼저랄 것도 없이 오솔길을 내달리기 시작했죠. 오늘은 이 둘이 함께 있으면 멈추는 법을 완전히 잊어버리는 날이에요. 다만 너무 신나서 방향을 놓치기 전에, 가끔은 서로에게 '이쪽 맞아?' 하고 물어봐 주는 게 좋겠어요."
양자리,호랑이띠,"양자리와 호랑이띠가 마주친 순간, 부엉이 마을 광장에 잠깐 팽팽한 기운이 흘렀어요. 둘 다 앞장서고 싶어 하는 마음이 강하거든요. 그런데 신기하게도 그 팽팽함이 싸움이 아니라 불꽃 같은 시너지로 바뀌었어요. 오늘 이 둘이 같은 방향만 바라본다면, 부엉이 마을 누구도 이 기세를 막을 수 없을 거예요."
양자리,원숭이띠,"고민이 길어지는 걸 못 견디는 양자리와, 순간의 재치로 뭐든 풀어버리는 원숭이띠가 오솔길에서 마주쳤어요. 양자리가 '일단 해보자!' 외치면, 원숭이띠는 벌써 세 걸음 앞서 웃으며 손짓하고 있었죠. 서로의 즉흥성이 부딪히기는커녕 딱 맞아떨어지는 밤이에요. 오늘은 계획서보다 그냥 지금 이 순간의 감을 믿어봐도 좋겠어요."
황소자리,소띠,"느긋한 걸음의 황소자리와 묵묵한 걸음의 소띠가 부엉이 마을 오래된 벤치에 나란히 앉았어요. 둘 다 서두르는 법이 없어서, 한참을 그냥 조용히 앉아만 있어도 전혀 어색하지 않았답니다. 말보다 함께 있는 시간 자체가 이 둘에겐 더 큰 의미예요. 오늘은 급한 결정 없이, 그저 곁을 지키는 것만으로 충분한 밤이에요."
황소자리,뱀띠,"황소자리의 신중함과 뱀띠의 조용한 통찰이 부엉이 마을 그늘 아래서 만났어요. 둘 다 서두르지 않고 오래 지켜보는 성격이라, 대화보다 먼저 서로의 침묵을 편안하게 받아들였죠. 뱀띠가 슬쩍 건넨 직관 한마디에 황소자리가 고개를 끄덕이는 밤이에요. 오늘은 급하게 결론 내지 않아도, 이 둘이 함께라면 답은 결국 스스로 드러날 거예요."
황소자리,돼지띠,"황소자리의 안정감과 돼지띠의 넉넉한 웃음이 만나자, 부엉이 마을에서 가장 편안한 자리가 만들어졌어요. 둘 다 서두르는 게 싫고 좋은 것을 오래오래 누리는 걸 좋아하거든요. 함께 있는 것만으로 배부른 느낌이 드는, 그런 조합이에요. 오늘 저녁은 이 둘처럼, 아무 걱정 없이 편안하게 흘려보내도 좋겠어요."
쌍둥이자리,원숭이띠,"쌍둥이자리의 재치와 원숭이띠의 유머가 만나면, 부엉이 마을 광장이 순식간에 웃음바다가 돼요. 둘 다 말이 빠르고 생각도 빨라서, 대화가 시작되면 끝날 줄을 몰라요. 오늘 밤엔 이 둘 곁에 있는 것만으로도 어깨가 들썩이는 즐거움이 있을 거예요. 다만 웃다가 정작 중요한 약속은 까먹지 않게, 서로 한 번씩 확인해주는 게 좋겠어요."
쌍둥이자리,쥐띠,"정보라면 누구에게도 뒤지지 않는 쌍둥이자리와 쥐띠가 오솔길에서 마주치자마자 대화가 폭발했어요. 이 얘기 저 얘기, 소문부터 진짜 알짜 정보까지 순식간에 오갔죠. 서로의 빠른 머리가 부딪히지 않고 오히려 척척 맞아떨어지는 밤이에요. 오늘 나눈 이야기 중 하나는, 예상보다 훨씬 쓸모 있는 정보로 남을 거예요."
쌍둥이자리,토끼띠,"쌍둥이자리의 재잘거림과 토끼띠의 다정한 귀 기울임이 만났어요. 한쪽은 끊임없이 이야기하고 싶어 하고, 다른 한쪽은 그 이야기를 세심하게 들어주니 둘 다 이 만남이 편안했답니다. 부엉이 마을에서 가장 대화가 부드럽게 흐르는 자리였을 거예요. 오늘은 하고 싶었던 말을 편하게 다 꺼내놓아도 좋은 밤이에요."
게자리,토끼띠,"게자리의 다정함과 토끼띠의 섬세함이 만나자, 부엉이 마을에 유독 포근한 저녁이 찾아왔어요. 서로 말하지 않아도 마음을 알아채는 능력이 둘 다 뛰어나서, 굳이 설명하지 않아도 통했답니다. 오늘은 조용히 서로의 곁에 앉아있는 것만으로 충분히 위로가 되는 밤이에요. 힘든 이야기가 있다면 이 둘 사이에서만큼은 편하게 꺼내도 좋겠어요."
게자리,돼지띠,"게자리의 따뜻한 배려와 돼지띠의 넉넉한 마음이 만나면, 부엉이 마을에서 가장 푸근한 저녁 식탁이 완성돼요. 둘 다 가까운 사람을 챙기는 걸 좋아해서, 서로에게 먼저 따뜻한 것을 건네고 싶어 했답니다. 오늘 밤은 걱정 내려놓고 편하게 배부르게, 함께 웃어도 좋은 시간이에요."
게자리,양띠,"게자리의 감성과 양띠의 다정함이 만나니 부엉이 마을 오솔길에 조용한 온기가 감돌았어요. 둘 다 마음이 여려서 서로의 기분을 먼저 살피다 보니, 대화보다 눈빛으로 더 많은 게 오갔답니다. 오늘은 말하지 않은 마음까지 알아주는, 그런 다정한 밤이 될 거예요."
사자자리,호랑이띠,"사자자리와 호랑이띠, 부엉이 마을에서 가장 강한 존재감 둘이 마주쳤어요. 처음엔 서로 시선을 피하지 않고 마주 보는 팽팽함이 있었지만, 곧 서로의 카리스마를 인정하며 나란히 걷기 시작했죠. 오늘 이 둘이 함께라면 못 할 일이 없어 보이는 밤이에요. 각자의 영역만 존중해준다면, 최고의 팀이 될 조합이랍니다."
사자자리,말띠,"사자자리의 화려함과 말띠의 활기가 만나자, 부엉이 마을 광장에 축제 같은 분위기가 퍼졌어요. 둘 다 가만히 있질 못하고 뭔가를 벌이고 싶어 하거든요. 함께 있으면 에너지가 배로 커지는, 그런 신나는 밤이에요. 다만 그 열기가 다 타버리기 전에, 잠깐씩 숨 고르는 시간도 잊지 말아요."
사자자리,개띠,"무대 위에서 빛나고 싶은 사자자리와, 그 곁을 든든하게 지키고 싶은 개띠가 만났어요. 사자자리가 앞장서면 개띠가 조용히 그 뒤를 받쳐주니, 둘 사이엔 자연스러운 믿음이 흘렀답니다. 오늘 밤은 서로에게 각자의 자리를 인정해주는 것만으로 완벽한 팀워크가 만들어지는 시간이에요."
처녀자리,닭띠,"처녀자리의 꼼꼼함과 닭띠의 성실함이 만나자, 부엉이 마을에서 가장 빈틈없는 저녁이 완성됐어요. 둘 다 작은 것 하나까지 신경 쓰는 성격이라, 함께 있으면 실수할 틈이 없었답니다. 오늘은 미뤄뒀던 세세한 일을 함께 정리해보기 딱 좋은 밤이에요. 서로의 꼼꼼함을 믿고 마음 편히 맡겨보세요."
처녀자리,소띠,"처녀자리의 신중함과 소띠의 우직함이 만나니, 부엉이 마을에서 가장 흔들림 없는 자리가 만들어졌어요. 둘 다 서두르지 않고 차근차근 쌓아가는 걸 좋아해서, 대화도 느긋하고 편안하게 이어졌답니다. 오늘 밤은 급할 것 없이, 오래 걸리는 일도 함께라면 든든하게 해낼 수 있을 거예요."
처녀자리,뱀띠,"처녀자리의 분석력과 뱀띠의 통찰이 만나자, 부엉이 마을에서 가장 날카로운 대화가 오갔어요. 둘 다 겉모습보다 본질을 꿰뚫어 보는 눈을 가졌거든요. 서로의 관찰을 나누는 것만으로 몰랐던 것들이 하나둘 선명해지는 밤이에요. 오늘은 복잡했던 문제 하나쯤, 이 둘의 조합이라면 명쾌하게 풀릴 거예요."
천칭자리,양띠,"천칭자리의 균형 감각과 양띠의 다정함이 만나자, 부엉이 마을에 조화로운 저녁이 찾아왔어요. 둘 다 갈등을 싫어하고 서로를 배려하는 마음이 커서, 함께 있으면 자연스레 평화로운 분위기가 만들어졌답니다. 오늘 밤은 다투기보다 서로 양보하며, 가장 편안한 균형을 찾아가는 시간이 될 거예요."
천칭자리,원숭이띠,"천칭자리의 사교성과 원숭이띠의 재치가 만나면, 부엉이 마을에서 가장 유쾌한 대화가 오솔길을 따라 퍼져요. 둘 다 사람들과 어울리는 걸 좋아해서, 함께 있으면 분위기가 금세 밝아졌답니다. 오늘 밤은 어색했던 자리도 이 둘이 있다면 순식간에 화기애애해질 거예요."
천칭자리,쥐띠,"천칭자리의 세련된 판단과 쥐띠의 빠른 정보력이 만나자, 부엉이 마을에서 가장 똑똑한 결정이 내려졌어요. 쥐띠가 필요한 정보를 잽싸게 모아오면, 천칭자리가 그걸 공정하게 저울질해 최선의 답을 골라냈죠. 오늘 중요한 선택 앞에 있다면, 이 둘의 조합이 가장 믿을 만한 길잡이가 되어줄 거예요."
전갈자리,뱀띠,"겉으로 드러내지 않는 두 마음, 전갈자리와 뱀띠가 부엉이 마을 그늘진 자리에서 마주쳤어요. 둘 다 말을 아끼는 편이라 한참 침묵이 흘렀지만, 그 침묵조차 전혀 어색하지 않았답니다. 서로의 눈빛만으로 이미 많은 것이 오간 밤이에요. 깊은 것을 알아보는 두 눈이, 오늘 서로를 알아본 거예요."
전갈자리,용띠,"조용한 불꽃 전갈자리와 커다란 불꽃 용띠가 부엉이 마을에서 마주쳤어요. 처음엔 그 강한 기운에 전갈자리가 살짝 몸을 사렸지만, 이야기를 나눌수록 둘 다 겉으로 다 드러내지 않는 깊은 포부를 품고 있다는 걸 알게 됐죠. 오늘 밤은 서로 다른 크기의 불꽃이 서로를 알아보는 시간이에요."
전갈자리,돼지띠,전갈자리의 신중한 침묵 앞에 돼지띠가 넉넉한 웃음을 안고 다가왔어요. 좀처럼 곁을 잘 안 주는 전갈자리도 그 다정한 온기 앞에서는 자연스레 마음을 풀었답니다. 굳게 닫혀있던 마음도 이런 따뜻함 앞에서는 스르르 열리는 법이니까요. 오늘 밤은 전갈자리에게 특히 다정한 위로가 되는 만남이에요.
사수자리,말띠,"정해진 길을 싫어하는 사수자리와 멈추는 법을 모르는 말띠가 오솔길 벌판에서 만났어요. 누가 먼저랄 것도 없이 둘 다 저 멀리 지평선을 향해 달려나가고 싶어 했죠. 오늘 밤은 이 둘에게 정해진 목적지 없이 그냥 함께 달리는 것 자체가 최고의 즐거움이에요. 어디로 가든, 함께라면 그게 곧 모험이니까요."
사수자리,호랑이띠,"사수자리의 낙관과 호랑이띠의 용맹이 만나자, 부엉이 마을에서 가장 겁 없는 두 마음이 나란히 섰어요. 둘 다 망설임보다 일단 부딪혀보는 걸 좋아해서, 계획보다 행동이 먼저였답니다. 오늘 밤 새로운 도전 앞에 서 있다면, 이 둘의 조합이 가장 큰 용기를 불어넣어 줄 거예요."
사수자리,용띠,"큰 꿈을 좇는 사수자리와 큰 그림을 그리는 용띠가 부엉이 마을 언덕 위에서 마주쳤어요. 둘 다 눈앞의 작은 것보다 저 먼 곳을 바라보는 성격이라, 이야기가 시작되자마자 원대한 계획으로 번져갔죠. 오늘 밤은 꿈이 꿈으로 끝나지 않고, 함께라면 진짜 현실이 될 것 같은 그런 기운이 감도는 시간이에요."
염소자리,소띠,"묵묵히 산길을 오르는 염소자리와 느긋하게 밭을 일구는 소띠가 오솔길에서 마주쳤어요. 둘 다 화려한 지름길보다 정직한 걸음을 믿는 성격이라, 서로를 보자마자 깊은 신뢰가 생겼답니다. 오늘 밤은 서두르지 않아도, 이 둘이 함께라면 결국 목적지에 닿는다는 확신이 드는 시간이에요."
염소자리,닭띠,"목표를 향해 걷는 염소자리와 새벽부터 준비하는 닭띠가 만났어요. 둘 다 성실함이 몸에 밴 성격이라, 서로의 부지런함을 보자마자 존경심이 생겼죠. 오늘 밤은 함께 세운 계획이라면 반드시 이뤄질 것 같은, 그런 든든한 확신이 드는 만남이에요."
염소자리,개띠,"염소자리의 책임감과 개띠의 신의가 만나자, 부엉이 마을에서 가장 단단한 약속이 맺어졌어요. 둘 다 한번 마음먹은 건 끝까지 지키는 성격이라, 서로를 보자마자 믿어도 되겠다는 확신이 들었답니다. 오늘 밤 나눈 약속은, 시간이 지나도 흔들리지 않을 거예요."
물병자리,쥐띠,"남들과 다른 생각을 하는 물병자리와 재빠른 판단의 쥐띠가 부엉이 마을 다락방에서 마주쳤어요. 물병자리의 엉뚱한 아이디어에 쥐띠가 눈을 반짝이며 맞장구쳤죠. 서로 다른 방식으로 똑똑한 두 마음이 만나니, 예상 못 한 좋은 계획이 술술 나오는 밤이었어요."
물병자리,용띠,"새로운 것을 그리는 물병자리와 큰 그림을 실현하는 용띠가 만났어요. 물병자리가 아무도 안 가본 방향을 가리키면, 용띠가 그걸 실제로 이룰 수 있는 힘으로 밀어붙였죠. 오늘 밤은 상상이 현실이 되는 그 짜릿한 순간을 함께 지켜볼 수 있는 시간이에요."
물병자리,원숭이띠,"엉뚱한 상상의 물병자리와 재치 있는 원숭이띠가 만나자, 부엉이 마을 다락방이 아이디어로 가득 찼어요. 둘 다 틀에 갇히는 걸 싫어해서, 대화를 나눌수록 점점 더 창의적인 생각들이 쏟아졌답니다. 오늘 밤은 세상에 없던 재미있는 발상 하나가 태어날지도 몰라요."
물고기자리,양띠,"물고기자리의 감수성과 양띠의 다정함이 만나자, 부엉이 마을 호숫가에 잔잔한 감동이 흘렀어요. 둘 다 말보다 마음으로 먼저 통하는 성격이라, 눈빛만으로도 서로를 깊이 이해했답니다. 오늘 밤은 굳이 설명하지 않아도, 서로의 마음이 자연스레 전해지는 시간이에요."
물고기자리,뱀띠,"물고기자리의 직관과 뱀띠의 통찰이 만나자, 부엉이 마을에 보이지 않는 것들을 함께 알아채는 신비로운 밤이 찾아왔어요. 말없이도 서로 통하는 두 마음이라, 대화보다 침묵 속에서 더 많은 걸 나눴답니다. 오늘은 서로의 직관을 믿어보는 것만으로 예상치 못한 답을 찾게 될 거예요."
물고기자리,돼지띠,"물고기자리의 상상력과 돼지띠의 넉넉함이 만나니, 부엉이 마을 호숫가에 편안하고 몽글몽글한 저녁이 찾아왔어요. 둘 다 걱정보다 마음을 먼저 여는 성격이라, 함께 있으면 저절로 마음이 풀어졌답니다. 오늘 밤은 아무 걱정 없이, 서로의 다정함에 마음을 온전히 맡겨도 좋은 시간이에요."
