zodiac,story_1,story_2,story_3
양자리,"그 조급함을 나무라지 않아도 돼요. 오늘 하루 앞만 보고 달려오느라 뜨거워진 두 뺨을, 부엉이 마을 언덕에 부는 선선한 바람에 잠시 식혀보세요. 발끝에 닿는 풀잎의 서늘한 감촉만으로도 마음이 한결 차분해질 거예요. ||| 부엉이 마을 하늘 위로 양자리의 별가루가 유독 힘차게 흩날리고 있어요. 이번 달, 그 별가루가 닿는 곳마다 새로운 문이 스르륵 열릴 것 같은 예감이에요. ||| 양자리는 원래 마음이 먼저 뛰고 몸이 뒤따라가는 별자리예요. 그래서 시작은 누구보다 빠르지만, 그 속도를 끝까지 유지하는 건 또 다른 이야기죠. 이번 달엔 그 첫 불꽃을 태우는 데만 집중하고, 그다음은 천천히 따라오게 두어도 좋아요. 부엉이 마을 사람들도 당신의 그 빠른 발걸음을 좋아하지만, 가끔은 잠시 멈춰 뒤돌아봐 주는 순간을 더 오래 기억한답니다. ||| 먼저 다가가는 발걸음에 마을 사람들이 웃으며 화답해요. 솔직한 한마디가 이번 달 관계를 가장 반짝이게 만드는 열쇠랍니다. 요술 주머니 속 동전이 자꾸만 손을 간지럽히지만, 하루만 더 품고 있어 보는 것도 나쁘지 않아요. 여러 개의 톱니바퀴를 한꺼번에 굴리고 싶은 마음이 굴뚝같은 한 달이지만, 하나만 완성해도 충분해요. 활활 타오르는 장작처럼 에너지가 넘치는 시기라, 가끔은 장작을 아껴 태워야 오래간다는 것도 잊지 마세요. 너무 여러 곳에 동시에 불을 지피려 하지 말고, 이번 달만큼은 딱 하나의 불씨에 집중해보는 것도 좋은 방법이에요. 그 하나가 확실히 타오르면, 나머지는 자연스레 따라오게 될 거예요. 이번 달의 속도는 남과 비교할 필요 없이, 온전히 당신만의 것으로 두어도 괜찮아요. ||| 걷다 보니 오래된 나무 밑동에서 빛바랜 쪽지 한 장을 발견했어요. 바람이 이런 말을 실어다 줘요. “용기는 두려움이 없는 것이 아니라, 두려움보다 더 큰 것이 있음을 아는 것이다.” ||| 이번 달의 이야기는 여기서 살며시 책장을 덮지만, 당신의 진짜 모험은 지금부터예요. 마법 같은 다음 페이지에서 또 만나요, 양자리. 안녕! 언덕을 내려가는 발걸음 소리마저 오늘은 조금 가벼워진 것 같지 않나요.","그 조급함을 나무라지 않아도 돼요. 오늘 하루 앞만 보고 달려오느라 뜨거워진 두 뺨을, 부엉이 마을 언덕에 부는 선선한 바람에 잠시 식혀보세요. 발끝에 닿는 풀잎의 서늘한 감촉만으로도 마음이 한결 차분해질 거예요. ||| 부엉이 마을 하늘 위로 양자리의 별가루가 튕겨 오르듯 힘차게 솟구쳐요. 이번 달은 벼르던 일을 드디어 시작할 용기가 차오르는 시기예요. ||| 양자리는 원래 마음이 먼저 뛰고 몸이 뒤따라가는 별자리예요. 그래서 시작은 누구보다 빠르지만, 그 속도를 끝까지 유지하는 건 또 다른 이야기죠. 이번 달엔 그 첫 불꽃을 태우는 데만 집중하고, 그다음은 천천히 따라오게 두어도 좋아요. 부엉이 마을 사람들도 당신의 그 빠른 발걸음을 좋아하지만, 가끔은 잠시 멈춰 뒤돌아봐 주는 순간을 더 오래 기억한답니다. ||| 먼저 건넨 인사가 예상보다 훨씬 반갑게 돌아오는 달이에요. 요술 주머니는 성급한 결정 하나만 조심하면 오히려 두둑해질 여지가 있어요. 다락방 작업실에서는 시작이 반이라는 말이 유독 잘 맞아떨어지는 시기라, 일단 손을 대보는 게 중요해요. 화롯불은 힘차게 타오르되 밤늦도록 태우진 마세요, 다음 날의 불씨도 남겨두어야 해요. 너무 여러 곳에 동시에 불을 지피려 하지 말고, 이번 달만큼은 딱 하나의 불씨에 집중해보는 것도 좋은 방법이에요. 그 하나가 확실히 타오르면, 나머지는 자연스레 따라오게 될 거예요. 이번 달의 속도는 남과 비교할 필요 없이, 온전히 당신만의 것으로 두어도 괜찮아요. ||| 출발선 팻말 아래서 빛바랜 쪽지 한 장을 발견했어요. “시작하는 것을 두려워 말라, 완벽한 때는 없다.” ||| 이번 달의 이야기는 여기서 힘차게 책장을 덮지만, 당신의 다음 걸음은 이미 내디뎌졌어요. 또 만나요, 양자리. 안녕! 언덕을 내려가는 발걸음 소리마저 오늘은 조금 가벼워진 것 같지 않나요.","그 조급함을 나무라지 않아도 돼요. 오늘 하루 앞만 보고 달려오느라 뜨거워진 두 뺨을, 부엉이 마을 언덕에 부는 선선한 바람에 잠시 식혀보세요. 발끝에 닿는 풀잎의 서늘한 감촉만으로도 마음이 한결 차분해질 거예요. ||| 부엉이 마을 하늘 위로 양자리의 별가루가 트랙을 그리듯 시원하게 원을 그려요. 이번 달은 경쟁보다 스스로와의 약속을 지키는 것이 더 큰 성취로 이어지는 시기예요. ||| 양자리는 원래 마음이 먼저 뛰고 몸이 뒤따라가는 별자리예요. 그래서 시작은 누구보다 빠르지만, 그 속도를 끝까지 유지하는 건 또 다른 이야기죠. 이번 달엔 그 첫 불꽃을 태우는 데만 집중하고, 그다음은 천천히 따라오게 두어도 좋아요. 부엉이 마을 사람들도 당신의 그 빠른 발걸음을 좋아하지만, 가끔은 잠시 멈춰 뒤돌아봐 주는 순간을 더 오래 기억한답니다. ||| 승부욕을 잠시 내려놓자 오히려 관계가 더 편안해지는 달이에요. 요술 주머니는 남들과 견주기보다 당신만의 페이스로 모으는 편이 결국 더 알차요. 다락방 작업실에서는 혼자 앞서가기보다 함께 뛰는 팀워크가 이번 달 더 큰 힘을 발휘해요. 화롯불 곁에서는 이기고 지는 것에 너무 마음 쓰지 말고, 오늘의 걸음 자체를 즐겨보세요. 너무 여러 곳에 동시에 불을 지피려 하지 말고, 이번 달만큼은 딱 하나의 불씨에 집중해보는 것도 좋은 방법이에요. 그 하나가 확실히 타오르면, 나머지는 자연스레 따라오게 될 거예요. 이번 달의 속도는 남과 비교할 필요 없이, 온전히 당신만의 것으로 두어도 괜찮아요. ||| 트랙 결승선 근처에서 빛바랜 쪽지 한 장을 발견했어요. “가장 빠른 걸음은, 남을 이기려 하지 않는 걸음이다.” ||| 이번 달의 이야기는 여기서 시원하게 책장을 덮지만, 당신의 트랙은 계속 이어져요. 또 만나요, 양자리. 안녕! 언덕을 내려가는 발걸음 소리마저 오늘은 조금 가벼워진 것 같지 않나요."
황소자리,"천천히, 아주 천천히 걸어온 길을 돌아보며 나무 그늘 아래 앉아봅니다. 등 뒤로 느껴지는 나무껍질의 거친 촉감과, 코끝을 스치는 흙냄새가 오늘따라 유독 편안하게 느껴질 거예요. 서두르지 않아도 괜찮다는 걸 이미 알고 계셨지요. ||| 부엉이 마을 하늘 위로 황소자리의 별가루가 묵직하고 은은하게 내려앉고 있어요. 이번 달은 그 별빛이 뿌리처럼 깊게 스며들어, 오래 두어도 흔들리지 않을 것들을 다져주는 시기예요. ||| 황소자리는 한번 뿌리내리면 웬만해선 흔들리지 않는 별자리예요. 그 안정감이 때로는 답답하게 느껴질 수도 있지만, 정작 폭풍이 지나간 뒤엔 가장 든든한 자리에 서 있는 것도 늘 황소자리였죠. 이번 달은 새로운 것을 좇기보다, 이미 가진 것들을 다시 한번 정성껏 다듬는 데 마음을 써보세요. 부엉이 마을에서도 가장 오래가는 나무는 가장 천천히 자란 나무라는 말이 전해 내려온답니다. ||| 곁을 오래 지켜온 사람과의 대화가 유독 편안하게 느껴져요. 서두르지 않는 진심이 이번 달 관계를 든든하게 붙잡아 줄 거예요. 요술 주머니는 조급하게 열지 않아도 괜찮아요, 차곡차곡 쌓아온 것들이 어느새 든든한 언덕이 되어 있을 테니까요. 다락방 작업실에서는 손에 익은 방식으로 꾸준히 다듬는 하루하루가 결국 가장 단단한 결과물을 만들어요. 화롯불은 크게 타오르기보다 은은하게, 오래 데워지는 쪽이 당신에게 더 잘 맞는 달이에요. 무리해서 서두르기보다, 이번 달엔 원래 하던 방식을 그대로 유지하는 것만으로도 충분히 좋은 흐름을 만들어낼 수 있어요. 변화는 다음 달에 천천히 생각해도 늦지 않아요. 변화가 필요한 순간이 오면 그때 가서 천천히 받아들여도 늦지 않을 거예요. ||| 오래된 나무 밑동에서 손때 묻은 쪽지 한 장을 주웠어요. “느리더라도 멈추지 않는 걸음이, 결국 가장 멀리 간다.” ||| 이번 달의 이야기는 여기서 조용히 책장을 덮지만, 당신의 뿌리는 오늘도 한 뼘 더 깊어졌어요. 다음 페이지에서 또 만나요, 황소자리. 안녕! 나무 그늘의 온기가 손끝에 오래도록 남아있을 거예요.","천천히, 아주 천천히 걸어온 길을 돌아보며 나무 그늘 아래 앉아봅니다. 등 뒤로 느껴지는 나무껍질의 거친 촉감과, 코끝을 스치는 흙냄새가 오늘따라 유독 편안하게 느껴질 거예요. 서두르지 않아도 괜찮다는 걸 이미 알고 계셨지요. ||| 부엉이 마을 하늘 위로 황소자리의 별가루가 계절의 결을 따라 서서히 옷을 갈아입어요. 이번 달은 그 변화 속에서도 당신만의 중심이 흔들리지 않는다는 걸 스스로 확인하는 시기예요. ||| 황소자리는 한번 뿌리내리면 웬만해선 흔들리지 않는 별자리예요. 그 안정감이 때로는 답답하게 느껴질 수도 있지만, 정작 폭풍이 지나간 뒤엔 가장 든든한 자리에 서 있는 것도 늘 황소자리였죠. 이번 달은 새로운 것을 좇기보다, 이미 가진 것들을 다시 한번 정성껏 다듬는 데 마음을 써보세요. 부엉이 마을에서도 가장 오래가는 나무는 가장 천천히 자란 나무라는 말이 전해 내려온답니다. ||| 낯선 변화 앞에서도 곁을 지키는 사람의 진심이 새삼 느껴지는 달이에요. 요술 주머니는 새로운 곳에 눈 돌리기보다, 이미 가진 것을 다시 살피는 편이 이득이에요. 다락방 작업실에서는 익숙한 방식을 조금만 다듬어도 충분히 새로워질 수 있어요. 화롯불은 계절이 바뀌어도 온도만큼은 늘 그대로 지켜주세요. 무리해서 서두르기보다, 이번 달엔 원래 하던 방식을 그대로 유지하는 것만으로도 충분히 좋은 흐름을 만들어낼 수 있어요. 변화는 다음 달에 천천히 생각해도 늦지 않아요. 변화가 필요한 순간이 오면 그때 가서 천천히 받아들여도 늦지 않을 거예요. ||| 담장 아래 낡은 벽돌 틈에서 쪽지 한 장을 발견했어요. “뿌리 깊은 나무는 계절이 바뀌어도 흔들리지 않는다.” ||| 이번 달의 이야기는 여기서 묵직하게 책장을 덮지만, 당신의 자리는 변함없어요. 또 만나요, 황소자리. 안녕! 나무 그늘의 온기가 손끝에 오래도록 남아있을 거예요.","천천히, 아주 천천히 걸어온 길을 돌아보며 나무 그늘 아래 앉아봅니다. 등 뒤로 느껴지는 나무껍질의 거친 촉감과, 코끝을 스치는 흙냄새가 오늘따라 유독 편안하게 느껴질 거예요. 서두르지 않아도 괜찮다는 걸 이미 알고 계셨지요. ||| 부엉이 마을 하늘 위로 황소자리의 별가루가 갓 구운 빵처럼 따뜻하고 고소한 향을 남기며 흘러요. 이번 달은 작은 즐거움들이 쌓여 마음을 든든하게 채워주는 시기예요. ||| 황소자리는 한번 뿌리내리면 웬만해선 흔들리지 않는 별자리예요. 그 안정감이 때로는 답답하게 느껴질 수도 있지만, 정작 폭풍이 지나간 뒤엔 가장 든든한 자리에 서 있는 것도 늘 황소자리였죠. 이번 달은 새로운 것을 좇기보다, 이미 가진 것들을 다시 한번 정성껏 다듬는 데 마음을 써보세요. 부엉이 마을에서도 가장 오래가는 나무는 가장 천천히 자란 나무라는 말이 전해 내려온답니다. ||| 함께 나눈 소박한 한 끼가 관계를 더 깊게 만들어주는 달이에요. 요술 주머니는 좋아하는 것에 아낌없이 쓴 돈이 아깝지 않게 느껴질 거예요. 다락방 작업실에서는 편안한 리듬을 찾은 하루하루가 꾸준한 성과로 이어져요. 화롯불 곁에서는 몸이 원하는 만큼 충분히 먹고, 충분히 쉬어가는 하루를 스스로에게 선물해주세요. 무리해서 서두르기보다, 이번 달엔 원래 하던 방식을 그대로 유지하는 것만으로도 충분히 좋은 흐름을 만들어낼 수 있어요. 변화는 다음 달에 천천히 생각해도 늦지 않아요. 변화가 필요한 순간이 오면 그때 가서 천천히 받아들여도 늦지 않을 거예요. ||| 빵집 진열대 아래 바구니 틈에서 쪽지 한 장을 발견했어요. “소박한 것들이 결국 가장 오래가는 행복이다.” ||| 이번 달의 이야기는 여기서 따끈하게 책장을 덮지만, 당신의 행복은 계속 이어져요. 또 만나요, 황소자리. 안녕! 나무 그늘의 온기가 손끝에 오래도록 남아있을 거예요."
쌍둥이자리,"이런저런 생각들이 머릿속에서 종알종알 떠드는 소리, 잠시 창가에 앉아 귀 기울여봅니다. 손끝에 스치는 커튼 자락의 부드러움과, 열린 창으로 들어오는 바람 한 줄기가 그 소란스러운 마음을 살짝 잠재워줄 거예요. ||| 부엉이 마을 하늘 위로 쌍둥이자리의 별가루가 이리저리 반짝이며 춤을 춰요. 이번 달은 그 반짝임이 새로운 사람, 새로운 이야기를 계속 데려다줄 것 같은 예감이에요. ||| 쌍둥이자리는 한 가지에 오래 머물기보다 여러 세계를 동시에 살아가는 별자리예요. 그 다채로움이 당신의 가장 큰 매력이지만, 가끔은 스스로도 어디로 가고 있는지 헷갈릴 때가 있죠. 이번 달엔 여러 갈래 중 마음이 가장 크게 반응하는 곳 하나를 골라, 거기에만 잠시 머물러보는 연습을 해봐요. 부엉이 마을 참새들도 이 나무 저 나무 옮겨 다니다가도, 결국 가장 편안한 가지 하나를 찾아 둥지를 튼답니다. ||| 우연히 스친 대화 한 마디가 뜻밖에 오래 이어질 인연으로 자라나요. 요술 주머니 속에서는 여러 개의 작은 기회들이 동시에 짤랑거리는데, 하나씩 차분히 확인해보는 재미가 있을 거예요. 다락방 작업실에서는 이 일 저 일 옮겨다니고 싶은 마음이 크겠지만, 노트 한 권만 곁에 두어도 훨씬 정리가 잘 될 거예요. 화롯불은 자꾸 여러 곳으로 옮겨 붙는데, 하루쯤은 한 곳에만 조용히 앉아 몸을 데워주세요. 여러 갈래의 일들을 한 번에 다 처리하려 하기보다, 목록을 적어두고 하나씩 지워나가는 방식이 이번 달엔 훨씬 잘 맞을 거예요. 눈에 보이는 진행이 마음의 안정으로 이어져요. 완벽한 정리보다, 조금씩이라도 앞으로 나아가고 있다는 감각이 더 중요한 시기예요. ||| 숲길 갈림길 표지판 아래서 팔랑이는 쪽지 한 장을 발견했어요. “한 번에 하나씩, 그래도 늦지 않는다.” ||| 이번 달의 이야기는 여기서 살짝 책장을 덮지만, 당신의 다음 페이지는 벌써 여러 장 펼쳐져 있어요. 또 만나요, 쌍둥이자리. 안녕! 창밖 풍경이 오늘따라 조금 더 또렷하게 눈에 들어오지 않나요.","이런저런 생각들이 머릿속에서 종알종알 떠드는 소리, 잠시 창가에 앉아 귀 기울여봅니다. 손끝에 스치는 커튼 자락의 부드러움과, 열린 창으로 들어오는 바람 한 줄기가 그 소란스러운 마음을 살짝 잠재워줄 거예요. ||| 부엉이 마을 하늘 위로 쌍둥이자리의 별가루가 어지럽던 궤적을 잠시 정리하듯 가지런해져요. 이번 달은 여러 갈래로 흩어졌던 관심사 중 하나가 뚜렷하게 자리를 잡는 시기예요. ||| 쌍둥이자리는 한 가지에 오래 머물기보다 여러 세계를 동시에 살아가는 별자리예요. 그 다채로움이 당신의 가장 큰 매력이지만, 가끔은 스스로도 어디로 가고 있는지 헷갈릴 때가 있죠. 이번 달엔 여러 갈래 중 마음이 가장 크게 반응하는 곳 하나를 골라, 거기에만 잠시 머물러보는 연습을 해봐요. 부엉이 마을 참새들도 이 나무 저 나무 옮겨 다니다가도, 결국 가장 편안한 가지 하나를 찾아 둥지를 튼답니다. ||| 여러 사람 사이를 오가던 마음이 이번 달엔 한 사람에게 더 오래 머물러요. 요술 주머니는 이곳저곳 흩어 쓰기보다 한 군데 모아두면 뜻밖에 크게 불어나요. 다락방 작업실에서는 여러 일 중 딱 하나를 골라 끝까지 밀어붙이는 것이 이번 달 최고의 전략이에요. 화롯불 곁에서는 생각을 잠시 멈추고, 그냥 가만히 앉아 있는 연습도 필요해요. 여러 갈래의 일들을 한 번에 다 처리하려 하기보다, 목록을 적어두고 하나씩 지워나가는 방식이 이번 달엔 훨씬 잘 맞을 거예요. 눈에 보이는 진행이 마음의 안정으로 이어져요. 완벽한 정리보다, 조금씩이라도 앞으로 나아가고 있다는 감각이 더 중요한 시기예요. ||| 우체통 옆 나뭇잎 더미 아래서 쪽지 한 장을 발견했어요. “여러 곳을 살피던 눈도, 결국 한 곳에서 답을 찾는다.” ||| 이번 달의 이야기는 여기서 정돈되게 책장을 덮지만, 당신의 다음 장은 더 선명해질 거예요. 또 만나요, 쌍둥이자리. 안녕! 창밖 풍경이 오늘따라 조금 더 또렷하게 눈에 들어오지 않나요.","이런저런 생각들이 머릿속에서 종알종알 떠드는 소리, 잠시 창가에 앉아 귀 기울여봅니다. 손끝에 스치는 커튼 자락의 부드러움과, 열린 창으로 들어오는 바람 한 줄기가 그 소란스러운 마음을 살짝 잠재워줄 거예요. ||| 부엉이 마을 하늘 위로 쌍둥이자리의 별가루가 소문처럼 빠르게 퍼져나가요. 이번 달은 우연히 들은 이야기 하나가 뜻밖의 좋은 기회로 이어지는 시기예요. ||| 쌍둥이자리는 한 가지에 오래 머물기보다 여러 세계를 동시에 살아가는 별자리예요. 그 다채로움이 당신의 가장 큰 매력이지만, 가끔은 스스로도 어디로 가고 있는지 헷갈릴 때가 있죠. 이번 달엔 여러 갈래 중 마음이 가장 크게 반응하는 곳 하나를 골라, 거기에만 잠시 머물러보는 연습을 해봐요. 부엉이 마을 참새들도 이 나무 저 나무 옮겨 다니다가도, 결국 가장 편안한 가지 하나를 찾아 둥지를 튼답니다. ||| 재미있는 소식을 나누는 것만으로도 관계가 한층 가까워지는 달이에요. 요술 주머니는 여러 소문 중 진짜 알짜 정보를 가려내는 안목이 필요한 시기예요. 다락방 작업실에서는 여러 사람의 의견을 재빠르게 모아 좋은 결론으로 이어가는 능력이 빛나요. 화롯불 곁에서는 너무 많은 소식에 귀 기울이다 지친 마음, 오늘은 조용한 곳에서 쉬어가세요. 여러 갈래의 일들을 한 번에 다 처리하려 하기보다, 목록을 적어두고 하나씩 지워나가는 방식이 이번 달엔 훨씬 잘 맞을 거예요. 눈에 보이는 진행이 마음의 안정으로 이어져요. 완벽한 정리보다, 조금씩이라도 앞으로 나아가고 있다는 감각이 더 중요한 시기예요. ||| 나뭇가지 둥지 옆에서 팔랑이는 쪽지 한 장을 발견했어요. “귀 기울이는 것만큼, 걸러 듣는 것도 중요하다.” ||| 이번 달의 이야기는 여기서 사뿐히 책장을 덮지만, 다음 소식은 벌써 날아오고 있어요. 또 만나요, 쌍둥이자리. 안녕! 창밖 풍경이 오늘따라 조금 더 또렷하게 눈에 들어오지 않나요."
게자리,"오늘따라 마음이 유독 말랑말랑해진 것 같아요. 잠시 두 팔로 스스로를 꼭 안아주며, 여기 포근한 담요 위에 앉아 쉬어가요. 담요의 부드러운 결과, 은은하게 퍼지는 따뜻한 차 향이 오늘의 지친 마음을 가만히 감싸줄 거예요. ||| 부엉이 마을 하늘 위로 게자리의 별가루가 부드럽게, 달빛처럼 내려앉고 있어요. 이번 달은 그 은은한 빛이 가까운 사람들과의 마음을 한층 더 가깝게 이어줄 것 같아요. ||| 게자리는 겉으로는 단단한 껍질을 두르고 있지만, 그 속엔 누구보다 여린 마음을 품고 사는 별자리예요. 그래서 상처받을까 봐 먼저 마음의 문을 닫아버릴 때도 많죠. 이번 달엔 그 껍질을 아주 조금만 열어, 믿을 수 있는 사람에게 마음 한 조각을 건네보는 것도 좋겠어요. 부엉이 마을 우물은 깊을수록 더 맑은 물을 품고 있다는 걸, 게자리는 이미 알고 있을 거예요. ||| 말하지 않아도 알아주는 사람의 다정함이 이번 달 마음을 채워줘요. 요술 주머니는 크게 채워지지 않아도, 소중한 사람을 위해 쓴 마음만큼은 아깝지 않게 느껴질 거예요. 다락방 작업실에서는 내 편이 되어주는 동료 한 명이 큰 힘이 되어줘요. 화롯불 곁에서는 마음이 앞서 몸이 지치기 쉬우니, 잠시 눈을 감고 스스로를 따뜻하게 안아주는 시간을 가져보세요. 가까운 사람들과의 시간을 조금 더 넉넉히 잡아두면, 이번 달의 다른 부분들도 자연스레 안정을 찾아갈 거예요. 마음이 편안해야 다른 것들도 잘 풀리는 법이니까요. 마음이 편안해지는 그 시간이, 결국 이번 달 전체의 흐름을 부드럽게 만들어줄 거예요. ||| 달빛이 내려앉은 조약돌 밑에서 조그만 쪽지 한 장을 발견했어요. “자신을 돌보는 것도 사랑의 한 형태다.” ||| 이번 달의 이야기는 여기서 포근히 책장을 덮지만, 당신을 향한 다정함은 계속 이어져요. 다음 페이지에서 또 만나요, 게자리. 안녕! 담요의 온기가 마음 한구석에도 스며든 것 같은 하루였어요.","오늘따라 마음이 유독 말랑말랑해진 것 같아요. 잠시 두 팔로 스스로를 꼭 안아주며, 여기 포근한 담요 위에 앉아 쉬어가요. 담요의 부드러운 결과, 은은하게 퍼지는 따뜻한 차 향이 오늘의 지친 마음을 가만히 감싸줄 거예요. ||| 부엉이 마을 하늘 위로 게자리의 별가루가 오래된 기억처럼 은은하게 되비쳐요. 이번 달은 잊고 지내던 소중한 인연이 뜻밖에 다시 이어지는 시기예요. ||| 게자리는 겉으로는 단단한 껍질을 두르고 있지만, 그 속엔 누구보다 여린 마음을 품고 사는 별자리예요. 그래서 상처받을까 봐 먼저 마음의 문을 닫아버릴 때도 많죠. 이번 달엔 그 껍질을 아주 조금만 열어, 믿을 수 있는 사람에게 마음 한 조각을 건네보는 것도 좋겠어요. 부엉이 마을 우물은 깊을수록 더 맑은 물을 품고 있다는 걸, 게자리는 이미 알고 있을 거예요. ||| 오랜만의 안부 인사가 생각보다 더 큰 반가움으로 돌아오는 달이에요. 요술 주머니는 과거의 인연에게 베푼 마음이 뜻밖의 형태로 돌아올 수 있어요. 다락방 작업실에서는 예전에 미뤄둔 것을 다시 꺼내보는 것도 좋은 흐름이에요. 화롯불 곁에서는 그리움에 마음이 무거워지기 전에, 따뜻한 차 한 잔으로 스스로를 달래주세요. 가까운 사람들과의 시간을 조금 더 넉넉히 잡아두면, 이번 달의 다른 부분들도 자연스레 안정을 찾아갈 거예요. 마음이 편안해야 다른 것들도 잘 풀리는 법이니까요. 마음이 편안해지는 그 시간이, 결국 이번 달 전체의 흐름을 부드럽게 만들어줄 거예요. ||| 우물가 두레박 틈에서 오래된 쪽지 한 장을 발견했어요. “그리움은 사랑이 남긴 가장 다정한 흔적이다.” ||| 이번 달의 이야기는 여기서 포근히 책장을 덮지만, 그 인연은 다음 페이지에도 이어져요. 또 만나요, 게자리. 안녕! 담요의 온기가 마음 한구석에도 스며든 것 같은 하루였어요.","오늘따라 마음이 유독 말랑말랑해진 것 같아요. 잠시 두 팔로 스스로를 꼭 안아주며, 여기 포근한 담요 위에 앉아 쉬어가요. 담요의 부드러운 결과, 은은하게 퍼지는 따뜻한 차 향이 오늘의 지친 마음을 가만히 감싸줄 거예요. ||| 부엉이 마을 하늘 위로 게자리의 별가루가 부엌 창문 너머로 포근하게 스며들어요. 이번 달은 가까운 사람들과의 시간이 그 어느 때보다 소중하게 느껴지는 시기예요. ||| 게자리는 겉으로는 단단한 껍질을 두르고 있지만, 그 속엔 누구보다 여린 마음을 품고 사는 별자리예요. 그래서 상처받을까 봐 먼저 마음의 문을 닫아버릴 때도 많죠. 이번 달엔 그 껍질을 아주 조금만 열어, 믿을 수 있는 사람에게 마음 한 조각을 건네보는 것도 좋겠어요. 부엉이 마을 우물은 깊을수록 더 맑은 물을 품고 있다는 걸, 게자리는 이미 알고 있을 거예요. ||| 함께 나눈 식사 한 끼가 관계를 더욱 끈끈하게 이어주는 달이에요. 요술 주머니는 가족이나 소중한 사람을 위해 쓴 마음이 예상보다 큰 기쁨으로 돌아와요. 다락방 작업실에서는 팀을 챙기는 마음이 자연스럽게 좋은 협업으로 이어져요. 화롯불 곁에서는 다른 이를 챙기느라 잊었던 자신의 몫도, 오늘은 꼭 챙겨 드세요. 가까운 사람들과의 시간을 조금 더 넉넉히 잡아두면, 이번 달의 다른 부분들도 자연스레 안정을 찾아갈 거예요. 마음이 편안해야 다른 것들도 잘 풀리는 법이니까요. 마음이 편안해지는 그 시간이, 결국 이번 달 전체의 흐름을 부드럽게 만들어줄 거예요. ||| 부엌 찬장 뒤편에서 손때 묻은 쪽지 한 장을 발견했어요. “함께 나눈 식탁이, 가장 든든한 울타리가 된다.” ||| 이번 달의 이야기는 여기서 따뜻하게 책장을 덮지만, 그 식탁은 다음에도 이어져요. 또 만나요, 게자리. 안녕! 담요의 온기가 마음 한구석에도 스며든 것 같은 하루였어요."
사자자리,"무대 위에서 늘 환하게 웃던 얼굴, 오늘은 잠시 커튼 뒤에 앉아 숨을 골라도 좋아요. 무대 조명의 뜨거운 열기가 사라진 자리엔, 서늘한 어둠과 함께 낮게 울리는 관객들의 숨소리만 남아있을 거예요. 그 고요함 속에서 스스로를 먼저 안아주세요. ||| 부엉이 마을 하늘 위로 사자자리의 별가루가 유난히 크고 환하게 타올라요. 이번 달은 그 빛이 멀리서도 알아볼 만큼 또렷하게 퍼져나가는 시기예요. ||| 사자자리는 무대 위에서 가장 빛나는 별자리지만, 사실 그 빛은 오랜 시간 조용히 쌓아온 준비에서 나오는 거예요. 화려해 보이는 순간 뒤에는 늘 묵묵한 연습의 시간이 있었죠. 이번 달엔 그 준비의 시간을 인정받는 순간이 찾아오니, 조금 더 자신 있게 앞으로 나서 보세요. 부엉이 마을 무대는 가장 오래 준비한 이에게 가장 밝은 조명을 비춰준답니다. ||| 당신다운 당당함에 마음을 여는 사람이 늘어나는 달이에요. 요술 주머니에서는 통 크게 쓰고 싶은 마음이 들 수 있는데, 한 번쯤은 스스로를 위한 작은 선물도 아깝지 않을 거예요. 다락방 작업실에서는 당신의 아이디어가 무대 중앙에 설 준비가 되어 있어요, 자신 있게 꺼내 보이세요. 화롯불은 크게 타오르는 만큼 쉽게 지치기도 하니, 박수가 잦아든 뒤에는 조용히 몸을 데우는 시간도 챙겨주세요. 주변의 반응에 너무 마음 쓰지 말고, 당신이 스스로 만족할 수 있는 기준을 먼저 세워보세요. 그 기준이 확실할수록 다른 이들의 인정도 자연스레 따라올 거예요. 당신 스스로가 만족하는 순간, 주변의 인정은 저절로 따라오게 되어 있어요. ||| 무대 뒤 오래된 거울 틀 사이에서 낡은 쪽지 한 장을 발견했어요. “빛나기 위해 태어난 것을, 작아지려 애쓰지 마라.” ||| 이번 달의 이야기는 여기서 커튼콜처럼 마무리되지만, 당신의 무대는 다음 페이지에서 계속돼요. 또 만나요, 사자자리. 안녕! 커튼 너머로 들려오는 작은 박수 소리가, 오늘 하루의 당신을 향한 것이었길 바라요.","무대 위에서 늘 환하게 웃던 얼굴, 오늘은 잠시 커튼 뒤에 앉아 숨을 골라도 좋아요. 무대 조명의 뜨거운 열기가 사라진 자리엔, 서늘한 어둠과 함께 낮게 울리는 관객들의 숨소리만 남아있을 거예요. 그 고요함 속에서 스스로를 먼저 안아주세요. ||| 부엉이 마을 하늘 위로 사자자리의 별가루가 오랜 준비 끝에 드디어 무대 위로 쏟아져요. 이번 달은 그동안 쌓아온 것들이 마침내 사람들의 눈에 띄는 시기예요. ||| 사자자리는 무대 위에서 가장 빛나는 별자리지만, 사실 그 빛은 오랜 시간 조용히 쌓아온 준비에서 나오는 거예요. 화려해 보이는 순간 뒤에는 늘 묵묵한 연습의 시간이 있었죠. 이번 달엔 그 준비의 시간을 인정받는 순간이 찾아오니, 조금 더 자신 있게 앞으로 나서 보세요. 부엉이 마을 무대는 가장 오래 준비한 이에게 가장 밝은 조명을 비춰준답니다. ||| 묵묵히 곁을 지켜본 사람이 이번 달엔 먼저 다가와 손을 내밀어줘요. 요술 주머니는 오래 준비한 만큼 뜻밖의 큰 보상으로 돌아올 수 있어요. 다락방 작업실에서는 그동안의 노력이 조명을 받는 순간이 찾아오니, 자신 있게 나서보세요. 화롯불은 오랜만에 크게 타오르니, 그 기쁨을 충분히 만끽하되 다음 날의 불씨도 챙겨두세요. 주변의 반응에 너무 마음 쓰지 말고, 당신이 스스로 만족할 수 있는 기준을 먼저 세워보세요. 그 기준이 확실할수록 다른 이들의 인정도 자연스레 따라올 거예요. 당신 스스로가 만족하는 순간, 주변의 인정은 저절로 따라오게 되어 있어요. ||| 무대 아래 낡은 소품함에서 쪽지 한 장을 발견했어요. “묵묵한 노력은 결국 스스로 빛을 낸다.” ||| 이번 달의 이야기는 여기서 환하게 책장을 덮지만, 당신의 무대는 이제부터가 진짜 시작이에요. 또 만나요, 사자자리. 안녕! 커튼 너머로 들려오는 작은 박수 소리가, 오늘 하루의 당신을 향한 것이었길 바라요.","무대 위에서 늘 환하게 웃던 얼굴, 오늘은 잠시 커튼 뒤에 앉아 숨을 골라도 좋아요. 무대 조명의 뜨거운 열기가 사라진 자리엔, 서늘한 어둠과 함께 낮게 울리는 관객들의 숨소리만 남아있을 거예요. 그 고요함 속에서 스스로를 먼저 안아주세요. ||| 부엉이 마을 하늘 위로 사자자리의 별가루가 축제의 불꽃처럼 화려하게 터져 올라요. 이번 달은 당신이 준비한 것을 마음껏 뽐낼 수 있는 축제 같은 시기예요. ||| 사자자리는 무대 위에서 가장 빛나는 별자리지만, 사실 그 빛은 오랜 시간 조용히 쌓아온 준비에서 나오는 거예요. 화려해 보이는 순간 뒤에는 늘 묵묵한 연습의 시간이 있었죠. 이번 달엔 그 준비의 시간을 인정받는 순간이 찾아오니, 조금 더 자신 있게 앞으로 나서 보세요. 부엉이 마을 무대는 가장 오래 준비한 이에게 가장 밝은 조명을 비춰준답니다. ||| 자연스러운 매력에 이끌린 사람들이 이번 달 유독 곁으로 많이 모여들어요. 요술 주머니는 축제 분위기에 마음이 커져도, 다음 날 아침의 지갑도 함께 생각해주세요. 다락방 작업실에서는 자신 있게 나선 만큼 큰 박수와 인정이 뒤따라와요. 화롯불 곁에서는 화려한 축제가 끝난 뒤, 조용한 뒷정리 시간도 소중히 챙겨주세요. 주변의 반응에 너무 마음 쓰지 말고, 당신이 스스로 만족할 수 있는 기준을 먼저 세워보세요. 그 기준이 확실할수록 다른 이들의 인정도 자연스레 따라올 거예요. 당신 스스로가 만족하는 순간, 주변의 인정은 저절로 따라오게 되어 있어요. ||| 광장 분수대 가장자리에서 낡은 쪽지 한 장을 발견했어요. “빛나는 순간도, 쉬어가는 순간이 있어야 오래간다.” ||| 이번 달의 이야기는 여기서 화려하게 책장을 덮지만, 다음 축제는 벌써 준비되고 있어요. 또 만나요, 사자자리. 안녕! 커튼 너머로 들려오는 작은 박수 소리가, 오늘 하루의 당신을 향한 것이었길 바라요."
처녀자리,"오늘 해야 할 목록을 잠시 접어두고, 정갈하게 정리된 책상 앞에 가만히 앉아봅니다. 손끝에 닿는 매끈한 나무 책상의 결과, 창으로 스며드는 부드러운 햇살이 오늘만큼은 완벽하지 않아도 괜찮다고 말해주는 것 같아요. ||| 부엉이 마을 하늘 위로 처녀자리의 별가루가 한 톨 한 톨 가지런히 내려앉고 있어요. 이번 달은 그 세심함이 주변 사람들에게 뜻밖의 든든함으로 가닿는 시기예요. ||| 처녀자리는 작은 디테일 하나까지 놓치지 않는 세심한 눈을 가진 별자리예요. 그 꼼꼼함 덕분에 남들이 못 보는 문제를 미리 알아채곤 하지만, 가끔은 그 시선이 스스로를 향해 너무 날카로워질 때도 있죠. 이번 달엔 그 잣대를 조금만 느슨하게 풀어, 완벽하지 않은 하루도 그 자체로 괜찮다고 말해줘 보세요. 부엉이 마을 정원사도 가장 아름다운 정원은 조금은 제멋대로 자란 구석이 있어야 완성된다고 말한답니다. ||| 작은 배려 하나가 상대의 마음에 오래도록 남는 달이에요. 요술 주머니는 꼼꼼히 계산할수록 오히려 여유가 조금씩 새어 나가니, 가끔은 셈을 잠시 내려두어도 괜찮아요. 다락방 작업실에서는 세부까지 다듬는 손길이 결국 가장 빛나는 완성도를 만들어줘요. 화롯불 앞에서는 자신을 향한 기준을 조금 느슨하게 풀어주는 것만으로도 훨씬 따뜻해질 거예요. 모든 걸 한 번에 완벽하게 정리하려 하지 말고, 우선순위가 높은 것부터 하나씩 처리해나가면 이번 달의 여러 일들이 훨씬 수월하게 풀릴 거예요. 완벽하지 않은 하루도, 그 자체로 충분히 잘 흘러가고 있다는 걸 잊지 마세요. ||| 가지런히 정리된 책장 틈에서 손글씨 쪽지 한 장을 발견했어요. “완벽함보다 다정함이 오래 기억된다.” ||| 이번 달의 이야기는 여기서 단정하게 책장을 덮지만, 당신의 정성은 다음 페이지에도 그대로 이어져요. 또 만나요, 처녀자리. 안녕! 책상 위 정돈된 물건들처럼, 마음도 조금은 가지런해졌길 바라요.","오늘 해야 할 목록을 잠시 접어두고, 정갈하게 정리된 책상 앞에 가만히 앉아봅니다. 손끝에 닿는 매끈한 나무 책상의 결과, 창으로 스며드는 부드러운 햇살이 오늘만큼은 완벽하지 않아도 괜찮다고 말해주는 것 같아요. ||| 부엉이 마을 하늘 위로 처녀자리의 별가루가 조심스레, 그러나 분명하게 한 걸음씩 나아가요. 이번 달은 망설이던 일을 마침내 시작할 용기가 차오르는 시기예요. ||| 처녀자리는 작은 디테일 하나까지 놓치지 않는 세심한 눈을 가진 별자리예요. 그 꼼꼼함 덕분에 남들이 못 보는 문제를 미리 알아채곤 하지만, 가끔은 그 시선이 스스로를 향해 너무 날카로워질 때도 있죠. 이번 달엔 그 잣대를 조금만 느슨하게 풀어, 완벽하지 않은 하루도 그 자체로 괜찮다고 말해줘 보세요. 부엉이 마을 정원사도 가장 아름다운 정원은 조금은 제멋대로 자란 구석이 있어야 완성된다고 말한답니다. ||| 완벽하지 않은 모습을 보여줘도 상대는 오히려 더 편안하게 느끼는 달이에요. 요술 주머니는 지나친 걱정으로 미뤄둔 지출이 있다면 이번엔 과감히 결정해도 괜찮아요. 다락방 작업실에서는 초안이라도 일단 세상에 내놓는 것이 완벽한 계획보다 낫다는 걸 깨닫는 시기예요. 화롯불 곁에서는 스스로에게 조금 더 너그러운 기준을 허락해주세요. 모든 걸 한 번에 완벽하게 정리하려 하지 말고, 우선순위가 높은 것부터 하나씩 처리해나가면 이번 달의 여러 일들이 훨씬 수월하게 풀릴 거예요. 완벽하지 않은 하루도, 그 자체로 충분히 잘 흘러가고 있다는 걸 잊지 마세요. ||| 작업대 서랍 안쪽에서 오래된 쪽지 한 장을 발견했어요. “서툰 시작이, 완벽한 미룸보다 낫다.” ||| 이번 달의 이야기는 여기서 조심스레 책장을 덮지만, 당신의 다음 시도는 더 단단해질 거예요. 또 만나요, 처녀자리. 안녕! 책상 위 정돈된 물건들처럼, 마음도 조금은 가지런해졌길 바라요.","오늘 해야 할 목록을 잠시 접어두고, 정갈하게 정리된 책상 앞에 가만히 앉아봅니다. 손끝에 닿는 매끈한 나무 책상의 결과, 창으로 스며드는 부드러운 햇살이 오늘만큼은 완벽하지 않아도 괜찮다고 말해주는 것 같아요. ||| 부엉이 마을 하늘 위로 처녀자리의 별가루가 한 칸 한 칸 가지런히 정리된 서랍처럼 질서 있게 내려앉아요. 이번 달은 그동안 흐트러졌던 것들이 제자리를 찾아가는 시기예요. ||| 처녀자리는 작은 디테일 하나까지 놓치지 않는 세심한 눈을 가진 별자리예요. 그 꼼꼼함 덕분에 남들이 못 보는 문제를 미리 알아채곤 하지만, 가끔은 그 시선이 스스로를 향해 너무 날카로워질 때도 있죠. 이번 달엔 그 잣대를 조금만 느슨하게 풀어, 완벽하지 않은 하루도 그 자체로 괜찮다고 말해줘 보세요. 부엉이 마을 정원사도 가장 아름다운 정원은 조금은 제멋대로 자란 구석이 있어야 완성된다고 말한답니다. ||| 사소한 것까지 챙긴 배려가 이번 달 상대의 마음에 오래 남아요. 요술 주머니는 지출 내역을 하나하나 정리하는 것만으로도 새어나가던 여유를 찾을 수 있어요. 다락방 작업실에서는 뒤죽박죽이던 일들을 순서대로 정리하는 것만으로 훨씬 수월하게 풀려요. 화롯불 곁에서는 완벽하게 정리하려는 마음을 살짝 내려놓고, 흐트러진 채로도 괜찮은 하루를 허락해주세요. 모든 걸 한 번에 완벽하게 정리하려 하지 말고, 우선순위가 높은 것부터 하나씩 처리해나가면 이번 달의 여러 일들이 훨씬 수월하게 풀릴 거예요. 완벽하지 않은 하루도, 그 자체로 충분히 잘 흘러가고 있다는 걸 잊지 마세요. ||| 서랍장 맨 아래 칸에서 가지런한 쪽지 한 장을 발견했어요. “정돈된 마음이, 정돈된 하루를 만든다.” ||| 이번 달의 이야기는 여기서 단정하게 책장을 덮지만, 다음 페이지도 가지런히 이어져요. 또 만나요, 처녀자리. 안녕! 책상 위 정돈된 물건들처럼, 마음도 조금은 가지런해졌길 바라요."
천칭자리,"이쪽도 저쪽도 마음이 쓰여 잠시 저울질하던 걸음, 오늘은 그 저울을 살짝 내려두고 벤치에 앉아봅니다. 양옆으로 흔들리는 나뭇가지의 리듬과, 살랑이는 바람의 감촉이 그 흔들리던 마음을 조금씩 가운데로 데려다줄 거예요. ||| 부엉이 마을 하늘 위로 천칭자리의 별가루가 좌우로 살랑이며 균형을 맞추고 있어요. 이번 달은 그 균형 감각이 주변의 관계를 한층 조화롭게 이어주는 시기예요. ||| 천칭자리는 어느 한쪽으로도 치우치지 않으려 애쓰는 균형의 별자리예요. 그 공정함이 관계를 부드럽게 만들어주지만, 정작 자신의 마음은 뒷전으로 미뤄둘 때가 많죠. 이번 달엔 저울의 중심에 다른 사람이 아니라 당신 자신을 한번 올려보는 것도 좋겠어요. 부엉이 마을 저울지기도 가장 정확한 저울은 자기 무게부터 알아야 한다고 귀띔해줬답니다. ||| 먼저 건넨 다정한 말 한마디가 어색했던 사이를 부드럽게 풀어줘요. 요술 주머니는 어느 한쪽으로 기울지 않게 나누는 마음이 결국 더 큰 신뢰로 돌아와요. 다락방 작업실에서는 함께 만드는 작업이 유독 잘 풀리는 달이니, 혼자 끙끙대기보다 곁의 손을 빌려보세요. 화롯불 곁에서는 이도 저도 결정 못해 미루기보다, 오늘 하루만큼은 마음이 가는 쪽으로 먼저 다가가 보세요. 결정을 내리기 전에 다른 사람의 의견도 좋지만, 이번 달엔 당신 자신의 목소리에 조금 더 귀 기울여 보세요. 그 목소리가 생각보다 훨씬 분명하다는 걸 알게 될 거예요. 당신의 목소리가 분명해질수록, 주변과의 균형도 오히려 더 자연스러워질 거예요. ||| 양쪽으로 흔들리는 나뭇가지 사이에서 낡은 쪽지 한 장을 발견했어요. “균형은 멈춰 서는 것이 아니라, 계속 움직이며 맞추는 것이다.” ||| 이번 달의 이야기는 여기서 조용히 책장을 덮지만, 당신이 맞춘 균형은 다음 페이지로 이어져요. 또 만나요, 천칭자리. 안녕! 벤치에 남은 온기처럼, 오늘의 균형도 마음 한켠에 남아있을 거예요.","이쪽도 저쪽도 마음이 쓰여 잠시 저울질하던 걸음, 오늘은 그 저울을 살짝 내려두고 벤치에 앉아봅니다. 양옆으로 흔들리는 나뭇가지의 리듬과, 살랑이는 바람의 감촉이 그 흔들리던 마음을 조금씩 가운데로 데려다줄 거예요. ||| 부엉이 마을 하늘 위로 천칭자리의 별가루가 마침내 한쪽으로 살며시 기울어져요. 이번 달은 오래 미뤄온 결정을 스스로 내릴 용기가 생기는 시기예요. ||| 천칭자리는 어느 한쪽으로도 치우치지 않으려 애쓰는 균형의 별자리예요. 그 공정함이 관계를 부드럽게 만들어주지만, 정작 자신의 마음은 뒷전으로 미뤄둘 때가 많죠. 이번 달엔 저울의 중심에 다른 사람이 아니라 당신 자신을 한번 올려보는 것도 좋겠어요. 부엉이 마을 저울지기도 가장 정확한 저울은 자기 무게부터 알아야 한다고 귀띔해줬답니다. ||| 눈치 보던 마음을 내려놓고 솔직하게 다가가자 관계가 오히려 편안해지는 달이에요. 요술 주머니는 두 가지를 다 가지려 하기보다 하나를 확실히 선택하는 편이 이득이에요. 다락방 작업실에서는 여러 의견을 조율하던 역할에서 벗어나 당신의 색을 분명히 드러내 보세요. 화롯불 곁에서는 결정을 미루며 쌓인 피로를 오늘만큼은 내려놓아도 좋아요. 결정을 내리기 전에 다른 사람의 의견도 좋지만, 이번 달엔 당신 자신의 목소리에 조금 더 귀 기울여 보세요. 그 목소리가 생각보다 훨씬 분명하다는 걸 알게 될 거예요. 당신의 목소리가 분명해질수록, 주변과의 균형도 오히려 더 자연스러워질 거예요. ||| 저울 받침대 아래서 낡은 쪽지 한 장을 발견했어요. “선택은 두려운 것이 아니라, 나아가는 방법이다.” ||| 이번 달의 이야기는 여기서 균형 있게 책장을 덮지만, 당신의 선택은 다음 페이지로 이어져요. 또 만나요, 천칭자리. 안녕! 벤치에 남은 온기처럼, 오늘의 균형도 마음 한켠에 남아있을 거예요.","이쪽도 저쪽도 마음이 쓰여 잠시 저울질하던 걸음, 오늘은 그 저울을 살짝 내려두고 벤치에 앉아봅니다. 양옆으로 흔들리는 나뭇가지의 리듬과, 살랑이는 바람의 감촉이 그 흔들리던 마음을 조금씩 가운데로 데려다줄 거예요. ||| 부엉이 마을 하늘 위로 천칭자리의 별가루가 정원의 꽃잎처럼 우아하게 흩날려요. 이번 달은 주변을 아름답게 가꾸는 당신의 감각이 특히 돋보이는 시기예요. ||| 천칭자리는 어느 한쪽으로도 치우치지 않으려 애쓰는 균형의 별자리예요. 그 공정함이 관계를 부드럽게 만들어주지만, 정작 자신의 마음은 뒷전으로 미뤄둘 때가 많죠. 이번 달엔 저울의 중심에 다른 사람이 아니라 당신 자신을 한번 올려보는 것도 좋겠어요. 부엉이 마을 저울지기도 가장 정확한 저울은 자기 무게부터 알아야 한다고 귀띔해줬답니다. ||| 세련된 감각으로 분위기를 살리는 당신 곁에 사람들이 자연스레 모여드는 달이에요. 요술 주머니는 미적인 것에 쓴 돈이 결국 마음의 풍요로 돌아와요. 다락방 작업실에서는 조화롭게 균형 잡힌 결과물이 많은 이들의 마음을 사로잡아요. 화롯불 곁에서는 다른 이의 취향에 맞추느라 지친 마음, 오늘은 온전히 당신의 취향대로 쉬어가세요. 결정을 내리기 전에 다른 사람의 의견도 좋지만, 이번 달엔 당신 자신의 목소리에 조금 더 귀 기울여 보세요. 그 목소리가 생각보다 훨씬 분명하다는 걸 알게 될 거예요. 당신의 목소리가 분명해질수록, 주변과의 균형도 오히려 더 자연스러워질 거예요. ||| 정원 화단 사이에서 꽃잎에 덮인 쪽지 한 장을 발견했어요. “아름다움을 알아보는 눈이, 세상을 더 살 만하게 만든다.” ||| 이번 달의 이야기는 여기서 우아하게 책장을 덮지만, 정원은 계속 피어나요. 또 만나요, 천칭자리. 안녕! 벤치에 남은 온기처럼, 오늘의 균형도 마음 한켠에 남아있을 거예요."
전갈자리,"겉으로 다 드러내지 않은 마음, 오늘은 아무도 없는 조용한 구석에 앉아 잠시 꺼내 보여도 좋아요. 어둑한 그늘의 서늘함과, 저 멀리서 희미하게 들려오는 물소리가 그 깊은 마음을 가만히 품어줄 거예요. ||| 부엉이 마을 하늘 위로 전갈자리의 별가루가 깊고 진한 빛으로 가라앉듯 내려앉아요. 이번 달은 그 깊은 통찰이 겉으로 보이지 않던 진실을 조용히 비춰주는 시기예요. ||| 전갈자리는 겉으로 드러내는 것보다 훨씬 깊고 강렬한 감정을 품고 사는 별자리예요. 그 깊이 때문에 쉽게 곁을 내주지 않지만, 한번 마음을 연 상대에게는 누구보다 진하게 곁을 지켜주죠. 이번 달엔 그 깊은 마음속에 숨겨둔 진심 하나를, 믿는 사람에게만 살짝 꺼내 보여도 좋겠어요. 부엉이 마을 깊은 굴속에서도 가장 귀한 보석은 가장 어두운 곳에서 발견된답니다. ||| 쉽게 곁을 내주지 않던 마음이, 진심 앞에서는 스르르 열리는 달이에요. 요술 주머니는 눈에 보이는 것보다 숨겨진 가치를 알아보는 안목이 큰 도움이 될 거예요. 다락방 작업실에서는 깊이 파고드는 집중력이 남들이 놓친 답을 찾아내 줘요. 화롯불 곁에서는 혼자 삭이기보다 믿는 사람 한 명에게만이라도 마음을 살짝 열어보세요. 당장 결론을 내리기보다, 조용히 지켜보며 때를 기다리는 것도 이번 달엔 좋은 전략이에요. 서두르지 않아도 진실은 결국 스스로 드러나게 마련이니까요. 기다림 끝에 드러나는 진실은, 서두른 결론보다 훨씬 단단하고 확실할 거예요. ||| 그늘진 바위틈에서 오래된 쪽지 한 장을 발견했어요. “깊은 물이 조용히 흐르듯, 강한 마음은 소리 내지 않는다.” ||| 이번 달의 이야기는 여기서 조용히 책장을 덮지만, 당신의 깊이는 다음 페이지에서도 변함없어요. 또 만나요, 전갈자리. 안녕! 그늘 속에서도 당신의 눈빛만은 여전히 또렷하게 빛나고 있었어요.","겉으로 다 드러내지 않은 마음, 오늘은 아무도 없는 조용한 구석에 앉아 잠시 꺼내 보여도 좋아요. 어둑한 그늘의 서늘함과, 저 멀리서 희미하게 들려오는 물소리가 그 깊은 마음을 가만히 품어줄 거예요. ||| 부엉이 마을 하늘 위로 전갈자리의 별가루가 오랜 그늘을 지나 서서히 빛 쪽으로 향해요. 이번 달은 닫아두었던 마음이 조심스레 다시 열리는 시기예요. ||| 전갈자리는 겉으로 드러내는 것보다 훨씬 깊고 강렬한 감정을 품고 사는 별자리예요. 그 깊이 때문에 쉽게 곁을 내주지 않지만, 한번 마음을 연 상대에게는 누구보다 진하게 곁을 지켜주죠. 이번 달엔 그 깊은 마음속에 숨겨둔 진심 하나를, 믿는 사람에게만 살짝 꺼내 보여도 좋겠어요. 부엉이 마을 깊은 굴속에서도 가장 귀한 보석은 가장 어두운 곳에서 발견된답니다. ||| 믿음을 되찾은 관계가 이전보다 더 단단하게 다져지는 달이에요. 요술 주머니는 의심으로 미뤄둔 결정을, 확인이 끝났다면 이제는 믿고 진행해도 좋아요. 다락방 작업실에서는 깊이 파고들던 문제의 실마리가 이번 달 드디어 손에 잡혀요. 화롯불 곁에서는 마음을 다시 여는 데는 시간이 걸린다는 걸, 스스로에게도 허락해주세요. 당장 결론을 내리기보다, 조용히 지켜보며 때를 기다리는 것도 이번 달엔 좋은 전략이에요. 서두르지 않아도 진실은 결국 스스로 드러나게 마련이니까요. 기다림 끝에 드러나는 진실은, 서두른 결론보다 훨씬 단단하고 확실할 거예요. ||| 굴 안쪽 어둠 속에서 은은히 빛나는 쪽지 한 장을 발견했어요. “다시 믿는 용기가, 처음 믿는 용기보다 크다.” ||| 이번 달의 이야기는 여기서 조용히 책장을 덮지만, 당신의 빛은 이제 더 또렷해요. 또 만나요, 전갈자리. 안녕! 그늘 속에서도 당신의 눈빛만은 여전히 또렷하게 빛나고 있었어요.","겉으로 다 드러내지 않은 마음, 오늘은 아무도 없는 조용한 구석에 앉아 잠시 꺼내 보여도 좋아요. 어둑한 그늘의 서늘함과, 저 멀리서 희미하게 들려오는 물소리가 그 깊은 마음을 가만히 품어줄 거예요. ||| 부엉이 마을 하늘 위로 전갈자리의 별가루가 뜨거운 온천 김처럼 깊고 진하게 피어올라요. 이번 달은 겉으로 드러내지 않던 열정이 뜻밖의 순간 폭발적으로 발휘되는 시기예요. ||| 전갈자리는 겉으로 드러내는 것보다 훨씬 깊고 강렬한 감정을 품고 사는 별자리예요. 그 깊이 때문에 쉽게 곁을 내주지 않지만, 한번 마음을 연 상대에게는 누구보다 진하게 곁을 지켜주죠. 이번 달엔 그 깊은 마음속에 숨겨둔 진심 하나를, 믿는 사람에게만 살짝 꺼내 보여도 좋겠어요. 부엉이 마을 깊은 굴속에서도 가장 귀한 보석은 가장 어두운 곳에서 발견된답니다. ||| 강렬한 진심이 결국 상대의 마음까지 뜨겁게 데우는 달이에요. 요술 주머니는 깊이 파고든 투자나 관심이 예상보다 큰 결실로 이어질 수 있어요. 다락방 작업실에서는 남들이 포기한 문제에 끝까지 매달린 집념이 결국 답을 찾아내요. 화롯불 곁에서는 뜨거운 열정만큼 뜨거워진 몸도, 온천처럼 푹 담가 식혀주세요. 당장 결론을 내리기보다, 조용히 지켜보며 때를 기다리는 것도 이번 달엔 좋은 전략이에요. 서두르지 않아도 진실은 결국 스스로 드러나게 마련이니까요. 기다림 끝에 드러나는 진실은, 서두른 결론보다 훨씬 단단하고 확실할 거예요. ||| 온천가 바위틈에서 김이 서린 쪽지 한 장을 발견했어요. “가장 깊은 열정은, 가장 조용히 타오른다.” ||| 이번 달의 이야기는 여기서 뜨겁게 책장을 덮지만, 그 열기는 다음 페이지에도 남아있어요. 또 만나요, 전갈자리. 안녕! 그늘 속에서도 당신의 눈빛만은 여전히 또렷하게 빛나고 있었어요."
사수자리,"저 멀리, 아직 가보지 않은 길을 향한 마음이 벌써부터 설레고 있죠. 잠시 짐을 내려놓고 언덕 위에 앉아, 뺨을 스치는 시원한 바람과 저 멀리 아득하게 펼쳐진 지평선을 눈에 담으며 그 설렘을 있는 그대로 느껴봐도 좋아요. ||| 부엉이 마을 하늘 위로 사수자리의 별가루가 활시위를 떠난 화살처럼 멀리, 시원하게 뻗어나가요. 이번 달은 그 방향을 따라 예상 못 한 좋은 기회가 성큼 다가오는 시기예요. ||| 사수자리는 정해진 길보다 아직 가보지 않은 길에 더 가슴이 뛰는 별자리예요. 그 자유로움이 삶을 풍요롭게 만들어주지만, 가끔은 한곳에 머무는 법을 몰라 소중한 것을 놓치기도 하죠. 이번 달엔 멀리 떠나는 것만큼, 지금 곁에 있는 것들에도 잠시 눈길을 줘 보세요. 부엉이 마을 여행자들도 가장 좋은 여정은 떠남과 머무름이 함께할 때 완성된다고 이야기한답니다. ||| 낯선 만남 속에서 뜻밖에 마음이 통하는 사람을 만나는 달이에요. 요술 주머니는 계획 없이 떠난 길에서 오히려 뜻밖의 여유를 만나게 될 수 있어요. 다락방 작업실에서는 큰 그림을 그리는 상상력이 이번 달 가장 큰 무기가 되어줘요. 화롯불 곁에서는 너무 멀리까지 뛰어다니지 말고, 가끔은 발밑의 온기부터 챙겨주세요. 새로운 것에 도전하는 것도 좋지만, 이번 달엔 이미 시작해둔 것 하나를 끝까지 마무리하는 데도 마음을 써보세요. 완결의 기쁨이 다음 모험을 더 값지게 만들어줄 거예요. 하나를 끝까지 완성해본 경험이, 다음 모험을 떠날 든든한 밑거름이 되어줄 거예요. ||| 언덕 위 오래된 이정표 아래서 바랜 쪽지 한 장을 발견했어요. “방향이 있다면, 속도는 서두르지 않아도 된다.” ||| 이번 달의 이야기는 여기서 잠시 책장을 덮지만, 당신의 다음 여정은 벌써 시작됐어요. 또 만나요, 사수자리. 안녕! 지평선 너머 노을빛이, 다음 여정을 향한 작은 이정표가 되어줄 거예요.","저 멀리, 아직 가보지 않은 길을 향한 마음이 벌써부터 설레고 있죠. 잠시 짐을 내려놓고 언덕 위에 앉아, 뺨을 스치는 시원한 바람과 저 멀리 아득하게 펼쳐진 지평선을 눈에 담으며 그 설렘을 있는 그대로 느껴봐도 좋아요. ||| 부엉이 마을 하늘 위로 사수자리의 별가루가 처음 가보는 길을 향해 힘차게 뻗어나가요. 이번 달은 낯선 만남이 예상보다 훨씬 특별한 인연으로 이어지는 시기예요. ||| 사수자리는 정해진 길보다 아직 가보지 않은 길에 더 가슴이 뛰는 별자리예요. 그 자유로움이 삶을 풍요롭게 만들어주지만, 가끔은 한곳에 머무는 법을 몰라 소중한 것을 놓치기도 하죠. 이번 달엔 멀리 떠나는 것만큼, 지금 곁에 있는 것들에도 잠시 눈길을 줘 보세요. 부엉이 마을 여행자들도 가장 좋은 여정은 떠남과 머무름이 함께할 때 완성된다고 이야기한답니다. ||| 우연히 스친 낯선 사람과의 대화가 오래도록 마음에 남는 달이에요. 요술 주머니는 계획에 없던 지출이 뜻밖에 좋은 경험으로 돌아올 수 있어요. 다락방 작업실에서는 익숙한 방식을 벗어난 새로운 시도가 예상외의 좋은 결과를 만들어내요. 화롯불 곁에서는 계속 떠돌기보다, 하루쯤은 낯선 쉼터에서 온전히 쉬어가도 좋아요. 새로운 것에 도전하는 것도 좋지만, 이번 달엔 이미 시작해둔 것 하나를 끝까지 마무리하는 데도 마음을 써보세요. 완결의 기쁨이 다음 모험을 더 값지게 만들어줄 거예요. 하나를 끝까지 완성해본 경험이, 다음 모험을 떠날 든든한 밑거름이 되어줄 거예요. ||| 여행자 쉼터 방명록 갈피에서 쪽지 한 장을 발견했어요. “낯선 길에서 만난 인연이, 오랜 인연보다 깊을 때가 있다.” ||| 이번 달의 이야기는 여기서 가볍게 책장을 덮지만, 당신의 다음 여정은 벌써 시작됐어요. 또 만나요, 사수자리. 안녕! 지평선 너머 노을빛이, 다음 여정을 향한 작은 이정표가 되어줄 거예요.","저 멀리, 아직 가보지 않은 길을 향한 마음이 벌써부터 설레고 있죠. 잠시 짐을 내려놓고 언덕 위에 앉아, 뺨을 스치는 시원한 바람과 저 멀리 아득하게 펼쳐진 지평선을 눈에 담으며 그 설렘을 있는 그대로 느껴봐도 좋아요. ||| 부엉이 마을 하늘 위로 사수자리의 별가루가 지도 위 점선처럼 새로운 경로를 그려나가요. 이번 달은 계획에 없던 여정이 뜻밖의 큰 배움으로 이어지는 시기예요. ||| 사수자리는 정해진 길보다 아직 가보지 않은 길에 더 가슴이 뛰는 별자리예요. 그 자유로움이 삶을 풍요롭게 만들어주지만, 가끔은 한곳에 머무는 법을 몰라 소중한 것을 놓치기도 하죠. 이번 달엔 멀리 떠나는 것만큼, 지금 곁에 있는 것들에도 잠시 눈길을 줘 보세요. 부엉이 마을 여행자들도 가장 좋은 여정은 떠남과 머무름이 함께할 때 완성된다고 이야기한답니다. ||| 여행길에서 우연히 만난 사람과의 대화가 오래 기억에 남는 달이에요. 요술 주머니는 경험에 쓴 돈은 나중에 몇 배의 가치로 돌아온다는 걸 이번 달 확인하게 돼요. 다락방 작업실에서는 틀에 갇히지 않은 발상이 예상 밖의 좋은 길을 열어줘요. 화롯불 곁에서는 지도 밖으로 너무 멀리 가지 말고, 가끔은 익숙한 길목에서도 쉬어가세요. 새로운 것에 도전하는 것도 좋지만, 이번 달엔 이미 시작해둔 것 하나를 끝까지 마무리하는 데도 마음을 써보세요. 완결의 기쁨이 다음 모험을 더 값지게 만들어줄 거예요. 하나를 끝까지 완성해본 경험이, 다음 모험을 떠날 든든한 밑거름이 되어줄 거예요. ||| 지도 상점 낡은 지도책 갈피에서 쪽지 한 장을 발견했어요. “길을 잃는 것도 여행의 일부다.” ||| 이번 달의 이야기는 여기서 설레며 책장을 덮지만, 다음 여정은 벌써 그려지고 있어요. 또 만나요, 사수자리. 안녕! 지평선 너머 노을빛이, 다음 여정을 향한 작은 이정표가 되어줄 거예요."
염소자리,"묵묵히 걸어온 길, 아무도 알아주지 않아도 당신은 알고 있었죠. 오늘은 잠시 짐을 내려놓고, 이 산길 어귀에 앉아 발밑의 차가운 돌바닥과 저 멀리 굽이진 산길을 눈에 담으며 지나온 걸음을 스스로 칭찬해주어도 좋아요. ||| 부엉이 마을 하늘 위로 염소자리의 별가루가 산등성이를 따라 천천히, 흔들림 없이 올라가고 있어요. 이번 달은 그 꾸준함이 마침내 눈에 보이는 결실로 이어지는 시기예요. ||| 염소자리는 화려한 지름길보다 묵묵히 산을 오르는 정직한 길을 택하는 별자리예요. 그 우직함 덕분에 결국엔 누구보다 높은 곳에 다다르지만, 그 과정에서 스스로를 너무 몰아붙일 때도 많죠. 이번 달엔 정상까지 남은 거리를 재기보다, 지금까지 오른 높이를 한번 돌아보는 시간을 가져보세요. 부엉이 마을 산지기도 가장 튼튼한 등산가는 쉬는 법도 아는 이라고 말한답니다. ||| 말없이 곁을 지켜온 마음이 이번 달엔 조용히 인정받는 순간을 맞이해요. 요술 주머니는 오랫동안 아껴온 만큼 든든한 밑천이 되어줄 거예요. 다락방 작업실에서는 꾸준히 쌓아온 노력이 드디어 다음 계단으로 올라설 준비가 됐어요. 화롯불 곁에서는 쉬는 것도 계획의 일부라는 걸 잊지 말고, 잠시 앉아 몸을 데워주세요. 장기적인 계획도 중요하지만, 이번 달엔 눈앞의 작은 목표부터 하나씩 확실히 이뤄나가는 데 집중해보세요. 작은 성취들이 쌓여 결국 큰 산을 이루게 될 거예요. 작은 목표 하나를 이룬 기쁨이, 다음 목표를 향한 가장 큰 동력이 되어줄 거예요. ||| 산길 표지석 아래서 닳은 쪽지 한 장을 발견했어요. “정상은 서두른 자가 아니라, 멈추지 않은 자가 오른다.” ||| 이번 달의 이야기는 여기서 담담히 책장을 덮지만, 당신의 발걸음은 이미 한 계단 더 올라섰어요. 또 만나요, 염소자리. 안녕! 굽이진 산길을 돌아보면, 걸어온 거리가 생각보다 훨씬 멀다는 걸 알게 될 거예요.","묵묵히 걸어온 길, 아무도 알아주지 않아도 당신은 알고 있었죠. 오늘은 잠시 짐을 내려놓고, 이 산길 어귀에 앉아 발밑의 차가운 돌바닥과 저 멀리 굽이진 산길을 눈에 담으며 지나온 걸음을 스스로 칭찬해주어도 좋아요. ||| 부엉이 마을 하늘 위로 염소자리의 별가루가 정상을 코앞에 두고 가장 밝게 빛나요. 이번 달은 오랫동안 준비해온 일이 마침내 결실을 맺기 직전의 시기예요. ||| 염소자리는 화려한 지름길보다 묵묵히 산을 오르는 정직한 길을 택하는 별자리예요. 그 우직함 덕분에 결국엔 누구보다 높은 곳에 다다르지만, 그 과정에서 스스로를 너무 몰아붙일 때도 많죠. 이번 달엔 정상까지 남은 거리를 재기보다, 지금까지 오른 높이를 한번 돌아보는 시간을 가져보세요. 부엉이 마을 산지기도 가장 튼튼한 등산가는 쉬는 법도 아는 이라고 말한답니다. ||| 오랜 인내를 지켜본 사람들의 진심 어린 축하가 이번 달 마음을 든든하게 채워줘요. 요술 주머니는 마지막까지 아껴온 만큼, 이제는 조금 풀어써도 괜찮을 때예요. 다락방 작업실에서는 마지막 한 걸음만 남은 상태니, 서두르지 말고 차분히 마무리해보세요. 화롯불 곁에서는 정상이 코앞이라고 무리하지 말고, 마지막 힘을 아껴 쓰세요. 장기적인 계획도 중요하지만, 이번 달엔 눈앞의 작은 목표부터 하나씩 확실히 이뤄나가는 데 집중해보세요. 작은 성취들이 쌓여 결국 큰 산을 이루게 될 거예요. 작은 목표 하나를 이룬 기쁨이, 다음 목표를 향한 가장 큰 동력이 되어줄 거예요. ||| 정상 바로 아래 표지석에서 닳은 쪽지 한 장을 발견했어요. “마지막 한 걸음이, 가장 힘차게 딛는 걸음이어야 한다.” ||| 이번 달의 이야기는 여기서 담담히 책장을 덮지만, 곧 정상에서 다시 만나요. 또 만나요, 염소자리. 안녕! 굽이진 산길을 돌아보면, 걸어온 거리가 생각보다 훨씬 멀다는 걸 알게 될 거예요.","묵묵히 걸어온 길, 아무도 알아주지 않아도 당신은 알고 있었죠. 오늘은 잠시 짐을 내려놓고, 이 산길 어귀에 앉아 발밑의 차가운 돌바닥과 저 멀리 굽이진 산길을 눈에 담으며 지나온 걸음을 스스로 칭찬해주어도 좋아요. ||| 부엉이 마을 하늘 위로 염소자리의 별가루가 새벽 여명처럼 조용히, 그러나 분명하게 밝아와요. 이번 달은 남들보다 일찍 준비한 것들이 좋은 기회로 이어지는 시기예요. ||| 염소자리는 화려한 지름길보다 묵묵히 산을 오르는 정직한 길을 택하는 별자리예요. 그 우직함 덕분에 결국엔 누구보다 높은 곳에 다다르지만, 그 과정에서 스스로를 너무 몰아붙일 때도 많죠. 이번 달엔 정상까지 남은 거리를 재기보다, 지금까지 오른 높이를 한번 돌아보는 시간을 가져보세요. 부엉이 마을 산지기도 가장 튼튼한 등산가는 쉬는 법도 아는 이라고 말한답니다. ||| 신뢰를 바탕으로 쌓아온 관계가 이번 달 든든한 힘이 되어줘요. 요술 주머니는 일찍 준비한 만큼 여유 있게 채워지는 시기예요. 다락방 작업실에서는 남들이 아직 시작도 안 한 일을 이미 절반쯤 끝내둔 당신이 빛을 발해요. 화롯불 곁에서는 새벽부터 움직인 몸, 해가 저물면 미련 없이 편히 쉬어주세요. 장기적인 계획도 중요하지만, 이번 달엔 눈앞의 작은 목표부터 하나씩 확실히 이뤄나가는 데 집중해보세요. 작은 성취들이 쌓여 결국 큰 산을 이루게 될 거예요. 작은 목표 하나를 이룬 기쁨이, 다음 목표를 향한 가장 큰 동력이 되어줄 거예요. ||| 새벽 시장 좌판 아래서 이슬 맺힌 쪽지 한 장을 발견했어요. “가장 이른 걸음이, 가장 넓은 하루를 만든다.” ||| 이번 달의 이야기는 여기서 고요히 책장을 덮지만, 내일의 새벽은 또 찾아와요. 또 만나요, 염소자리. 안녕! 굽이진 산길을 돌아보면, 걸어온 거리가 생각보다 훨씬 멀다는 걸 알게 될 거예요."
물병자리,"남들과는 조금 다른 길이 맞는지, 마음 한켠으로 의심이 스쳤을 수도 있어요. 오늘은 그 의심을 잠시 벤치 옆에 내려두고, 낯선 발명품들 사이로 스며드는 오후 햇살과 먼지 냄새를 느끼며 당신만의 속도로 숨을 골라봐요. ||| 부엉이 마을 하늘 위로 물병자리의 별가루가 누구도 그리지 않은 새로운 무늬로 흩날리고 있어요. 이번 달은 그 다름이 마을 사람들에게 뜻밖의 반가운 소식이 되는 시기예요. ||| 물병자리는 세상이 아직 그리지 못한 그림을 먼저 상상하는 별자리예요. 그 독창적인 시선 때문에 가끔은 외로울 때도 있지만, 결국 세상을 한 걸음 앞으로 나아가게 하는 건 늘 이런 다른 시선들이었죠. 이번 달엔 그 엉뚱한 상상을 부끄러워하지 말고, 한 번쯤 소리 내어 이야기해보세요. 부엉이 마을 발명가도 처음엔 늘 이상한 사람 취급을 받았지만, 결국 가장 필요한 물건을 만들어냈답니다. ||| 생각이 통하는 사람과의 대화는 밤이 깊도록 이어져도 지치지 않아요. 요술 주머니는 익숙한 방식보다 새로운 시도에 살짝 열어두면 뜻밖의 기회가 찾아올 수 있어요. 다락방 작업실에서는 아무도 생각 못 한 아이디어 하나가 큰 박수를 받을 준비를 하고 있어요. 화롯불 곁에서는 혼자만의 생각에 너무 오래 머물지 말고, 가끔은 곁의 온기도 느껴보세요. 당신의 아이디어를 혼자 품고만 있지 말고, 이번 달엔 믿을 만한 사람 한 명에게라도 먼저 이야기해보세요. 그 대화 속에서 생각지 못한 힌트를 얻게 될 수도 있어요. 생각을 나누는 그 짧은 대화 속에서, 뜻밖의 좋은 아이디어가 태어날 수도 있어요. ||| 새로 지어진 표지판 뒤에서 낯선 모양의 쪽지 한 장을 발견했어요. “당신다운 길이 결국 가장 빠른 길이다.” ||| 이번 달의 이야기는 여기서 살며시 책장을 덮지만, 당신만의 반짝임은 다음 페이지에서도 잃지 않아요. 또 만나요, 물병자리. 안녕! 먼지 쌓인 발명품 사이에서도, 당신의 아이디어만은 유난히 반짝이고 있었어요.","남들과는 조금 다른 길이 맞는지, 마음 한켠으로 의심이 스쳤을 수도 있어요. 오늘은 그 의심을 잠시 벤치 옆에 내려두고, 낯선 발명품들 사이로 스며드는 오후 햇살과 먼지 냄새를 느끼며 당신만의 속도로 숨을 골라봐요. ||| 부엉이 마을 하늘 위로 물병자리의 별가루가 누구도 그리지 않던 새로운 별자리를 그려내요. 이번 달은 그 독창적인 시선이 마침내 사람들에게 반갑게 받아들여지는 시기예요. ||| 물병자리는 세상이 아직 그리지 못한 그림을 먼저 상상하는 별자리예요. 그 독창적인 시선 때문에 가끔은 외로울 때도 있지만, 결국 세상을 한 걸음 앞으로 나아가게 하는 건 늘 이런 다른 시선들이었죠. 이번 달엔 그 엉뚱한 상상을 부끄러워하지 말고, 한 번쯤 소리 내어 이야기해보세요. 부엉이 마을 발명가도 처음엔 늘 이상한 사람 취급을 받았지만, 결국 가장 필요한 물건을 만들어냈답니다. ||| 남다른 취향을 알아봐 주는 사람과의 대화가 이번 달 특별한 즐거움이 돼요. 요술 주머니는 색다른 곳에 써본 돈이 뜻밖의 만족으로 돌아오는 시기예요. 다락방 작업실에서는 오랫동안 품어온 엉뚱한 아이디어가 드디어 팀의 마음을 사로잡아요. 화롯불 곁에서는 혼자만의 발명에 몰두하다 지친 몸을, 오늘은 곁의 온기로 데워보세요. 당신의 아이디어를 혼자 품고만 있지 말고, 이번 달엔 믿을 만한 사람 한 명에게라도 먼저 이야기해보세요. 그 대화 속에서 생각지 못한 힌트를 얻게 될 수도 있어요. 생각을 나누는 그 짧은 대화 속에서, 뜻밖의 좋은 아이디어가 태어날 수도 있어요. ||| 발명가의 다락방 서랍에서 낯선 모양의 쪽지 한 장을 발견했어요. “남과 다르다는 것은, 아직 발견되지 않았다는 뜻이다.” ||| 이번 달의 이야기는 여기서 반짝이며 책장을 덮지만, 당신의 발명은 계속돼요. 또 만나요, 물병자리. 안녕! 먼지 쌓인 발명품 사이에서도, 당신의 아이디어만은 유난히 반짝이고 있었어요.","남들과는 조금 다른 길이 맞는지, 마음 한켠으로 의심이 스쳤을 수도 있어요. 오늘은 그 의심을 잠시 벤치 옆에 내려두고, 낯선 발명품들 사이로 스며드는 오후 햇살과 먼지 냄새를 느끼며 당신만의 속도로 숨을 골라봐요. ||| 부엉이 마을 하늘 위로 물병자리의 별가루가 열기구처럼 두둥실, 아무도 가보지 않은 높이로 떠올라요. 이번 달은 틀을 벗어난 시도가 뜻밖에 큰 자유로 이어지는 시기예요. ||| 물병자리는 세상이 아직 그리지 못한 그림을 먼저 상상하는 별자리예요. 그 독창적인 시선 때문에 가끔은 외로울 때도 있지만, 결국 세상을 한 걸음 앞으로 나아가게 하는 건 늘 이런 다른 시선들이었죠. 이번 달엔 그 엉뚱한 상상을 부끄러워하지 말고, 한 번쯤 소리 내어 이야기해보세요. 부엉이 마을 발명가도 처음엔 늘 이상한 사람 취급을 받았지만, 결국 가장 필요한 물건을 만들어냈답니다. ||| 정해진 틀 없이 편하게 만나는 사람과의 관계가 이번 달 더 오래갈 인연이 돼요. 요술 주머니는 남들과 다른 방식으로 굴린 돈이 뜻밖의 결과를 만들어내요. 다락방 작업실에서는 기존 방식을 완전히 뒤엎는 발상이 이번 달 크게 환영받아요. 화롯불 곁에서는 너무 높이 떠올라 있지만 말고, 가끔은 땅으로 내려와 발을 붙여보세요. 당신의 아이디어를 혼자 품고만 있지 말고, 이번 달엔 믿을 만한 사람 한 명에게라도 먼저 이야기해보세요. 그 대화 속에서 생각지 못한 힌트를 얻게 될 수도 있어요. 생각을 나누는 그 짧은 대화 속에서, 뜻밖의 좋은 아이디어가 태어날 수도 있어요. ||| 열기구 바구니 구석에서 팔랑이는 쪽지 한 장을 발견했어요. “가장 자유로운 것은, 스스로 규칙을 만드는 것이다.” ||| 이번 달의 이야기는 여기서 두둥실 책장을 덮지만, 당신의 비행은 계속돼요. 또 만나요, 물병자리. 안녕! 먼지 쌓인 발명품 사이에서도, 당신의 아이디어만은 유난히 반짝이고 있었어요."
물고기자리,"마음이 파도처럼 이리저리 흔들렸다면, 오늘은 잠시 물가에 앉아 그 물결이 잔잔해질 때까지 기다려봐요. 발끝을 간지럽히는 차가운 물살과, 코끝을 스치는 물비린내 섞인 바람이 그 흔들림을 서서히 가라앉혀줄 거예요. ||| 부엉이 마을 하늘 위로 물고기자리의 별가루가 물결처럼 부드럽게 넘실거려요. 이번 달은 그 흐름을 따라 상상해온 것들이 조금씩 현실로 스며드는 시기예요. ||| 물고기자리는 눈에 보이는 것보다 마음으로 느껴지는 것을 더 믿는 별자리예요. 그 풍부한 감수성 덕분에 남들이 놓치는 아름다움을 알아보지만, 가끔은 현실과 상상 사이에서 길을 잃기도 하죠. 이번 달엔 그 상상력을 온전히 믿고, 마음이 이끄는 방향으로 한 걸음만 더 나아가 보세요. 부엉이 마을 호숫가 화가도 가장 아름다운 그림은 이성보다 마음이 그린 것이라고 말한답니다. ||| 말하지 않은 마음까지 알아채는 다정함이 이번 달 관계를 더 깊게 이어줘요. 요술 주머니는 감에 의지해 흘려보내기보다, 한 번쯤 눈을 뜨고 들여다보는 것도 필요해요. 다락방 작업실에서는 남다른 상상력이 뜻밖의 아름다운 결과물로 이어져요. 화롯불 곁에서는 다른 이의 마음까지 다 짊어지려 하지 말고, 오늘은 당신의 온기부터 먼저 채워주세요. 상상 속에만 머물던 것을, 이번 달엔 아주 작은 형태로라도 실제로 만들어보는 시도를 해보세요. 작은 시도 하나가 큰 영감으로 이어지는 계기가 될 수 있어요. 작게라도 시작한 시도가, 시간이 지나면 놀라운 결과로 자라있을지도 몰라요. ||| 물가에 떠내려온 병 속에서 젖은 쪽지 한 장을 발견했어요. “꿈꾸는 것을 멈추지 않는 한, 길을 잃은 것이 아니다.” ||| 이번 달의 이야기는 여기서 잔잔히 책장을 덮지만, 당신의 물결은 다음 페이지로 계속 흘러가요. 또 만나요, 물고기자리. 안녕! 잔잔해진 물결 위로, 오늘 당신이 품었던 마음이 고요히 비쳐 보였어요.","마음이 파도처럼 이리저리 흔들렸다면, 오늘은 잠시 물가에 앉아 그 물결이 잔잔해질 때까지 기다려봐요. 발끝을 간지럽히는 차가운 물살과, 코끝을 스치는 물비린내 섞인 바람이 그 흔들림을 서서히 가라앉혀줄 거예요. ||| 부엉이 마을 하늘 위로 물고기자리의 별가루가 물감처럼 부드럽게 번져나가요. 이번 달은 오랫동안 상상해온 것이 조금씩 눈에 보이는 형태로 완성되는 시기예요. ||| 물고기자리는 눈에 보이는 것보다 마음으로 느껴지는 것을 더 믿는 별자리예요. 그 풍부한 감수성 덕분에 남들이 놓치는 아름다움을 알아보지만, 가끔은 현실과 상상 사이에서 길을 잃기도 하죠. 이번 달엔 그 상상력을 온전히 믿고, 마음이 이끄는 방향으로 한 걸음만 더 나아가 보세요. 부엉이 마을 호숫가 화가도 가장 아름다운 그림은 이성보다 마음이 그린 것이라고 말한답니다. ||| 말하지 않아도 그림처럼 마음이 통하는 순간이 이번 달 자주 찾아와요. 요술 주머니는 감에 의지하기보다 한 번쯤 꼼꼼히 색을 확인해보는 것이 필요해요. 다락방 작업실에서는 상상력을 마음껏 펼친 작업물이 뜻밖에 큰 감동을 자아내요. 화롯불 곁에서는 다른 이의 감정까지 다 그려주려 하지 말고, 오늘은 당신의 캔버스부터 채워주세요. 상상 속에만 머물던 것을, 이번 달엔 아주 작은 형태로라도 실제로 만들어보는 시도를 해보세요. 작은 시도 하나가 큰 영감으로 이어지는 계기가 될 수 있어요. 작게라도 시작한 시도가, 시간이 지나면 놀라운 결과로 자라있을지도 몰라요. ||| 화가의 작업실 물감 통 옆에서 젖은 쪽지 한 장을 발견했어요. “상상은 아직 그려지지 않은 현실이다.” ||| 이번 달의 이야기는 여기서 은은히 책장을 덮지만, 당신의 캔버스는 계속 채워져요. 또 만나요, 물고기자리. 안녕! 잔잔해진 물결 위로, 오늘 당신이 품었던 마음이 고요히 비쳐 보였어요.","마음이 파도처럼 이리저리 흔들렸다면, 오늘은 잠시 물가에 앉아 그 물결이 잔잔해질 때까지 기다려봐요. 발끝을 간지럽히는 차가운 물살과, 코끝을 스치는 물비린내 섞인 바람이 그 흔들림을 서서히 가라앉혀줄 거예요. ||| 부엉이 마을 하늘 위로 물고기자리의 별가루가 잔잔한 선율처럼 물결치듯 흘러요. 이번 달은 감성이 이끄는 대로 따라간 길이 뜻밖에 아름다운 결실로 이어지는 시기예요. ||| 물고기자리는 눈에 보이는 것보다 마음으로 느껴지는 것을 더 믿는 별자리예요. 그 풍부한 감수성 덕분에 남들이 놓치는 아름다움을 알아보지만, 가끔은 현실과 상상 사이에서 길을 잃기도 하죠. 이번 달엔 그 상상력을 온전히 믿고, 마음이 이끄는 방향으로 한 걸음만 더 나아가 보세요. 부엉이 마을 호숫가 화가도 가장 아름다운 그림은 이성보다 마음이 그린 것이라고 말한답니다. ||| 말보다 눈빛과 분위기로 통하는 관계가 이번 달 더 깊어져요. 요술 주머니는 이성보다 직감을 믿은 선택이 뜻밖에 좋은 결과로 이어져요. 다락방 작업실에서는 감성이 담긴 작업물이 사람들의 마음 깊이 가닿아요. 화롯불 곁에서는 아름다운 선율에 취해 시간 가는 줄 모르기 전에, 몸이 보내는 신호도 챙겨 들어주세요. 상상 속에만 머물던 것을, 이번 달엔 아주 작은 형태로라도 실제로 만들어보는 시도를 해보세요. 작은 시도 하나가 큰 영감으로 이어지는 계기가 될 수 있어요. 작게라도 시작한 시도가, 시간이 지나면 놀라운 결과로 자라있을지도 몰라요. ||| 음악당 낡은 악보 사이에서 젖은 쪽지 한 장을 발견했어요. “마음이 이끄는 선율을 따라가는 것도 용기다.” ||| 이번 달의 이야기는 여기서 잔잔히 책장을 덮지만, 그 선율은 계속 흘러요. 또 만나요, 물고기자리. 안녕! 잔잔해진 물결 위로, 오늘 당신이 품었던 마음이 고요히 비쳐 보였어요."
